datetime,tweet
2022-03-29 23:50:00,@Callum2490 ur gonna update apex and mid overwatch game hear the fucking amber alert siren from ur xbox
2022-03-29 23:40:45,"@NotHoodlum @WaymackR @AARP mobilize the olds / Now. Also, AARP -suggest you set up an Amber Alert type phone alarm for members. Activate the Senior White Berets to the battle stations."
2022-03-29 23:31:36,"@1luckyMan2 @SaraStClairxxx Iâ€™m died ğŸ˜‚ you know I would never ignore you, I fell asleep. A amber alert ğŸ˜‚ğŸ˜­ğŸ¤£ god I love you"
2022-03-29 23:24:27,happi 100K amber alert! AAAAH congrats hunter and amber especially to u ate @mccnreal
2022-03-29 23:17:25,"@RheddGhost Forgot to add. I only get notifications from favourites or if twitter deems it necessary like an amber alert situation. Also, breaking news"
2022-03-29 22:59:40,"@Imposter_Edits When we get snow squalls we get the equivalent of an amber alert here. Those people definitely shouldn't have been driving that fast regardless, snow is quite literally a slippery slope when it comes to speed and stopping."
2022-03-29 22:51:23,Someone get an amber alert ready for Johnny. Wrong group to piss off. https://t.co/k4VvbaniAb
2022-03-29 22:43:37,I wish a amber alert went off rn so I could vibe harder
2022-03-29 22:39:14,"@SipokaziLilitha @literockstar A few weeks later, i went for firearm and self defense training, got my competence certificate and now i stay on â€œamber alertâ€ every time i step outğŸ’ªğŸ¿"
2022-03-29 22:34:27,@Nerdy_Addict I have not seen an Amber Alert for the child??? Iâ€™m close enough it should have hit my phone alread!!!
2022-03-29 22:30:13,"Cassie Carli 37 yo went missing Sunday night. She was supposed to meet her ex Marcus Spanevelo, in Navarre Beach, to do an exchange of their 4 yo daughter Saylor. Both are now missing! WHERE IS THE CHILD? Why NO amber alert @SRCSheriff
https://t.co/PfnaGKEGcI"
2022-03-29 21:58:25,"@Elaine97210838 @RCMPAlberta Because missing doesn't mean abducted or in danger, which are criteria for an Amber Alert."
2022-03-29 21:52:02,@AshaRangappa_ Sorry. Amber Alert. https://t.co/yU1eMbFfAC
2022-03-29 20:54:35,"The Brookhaven Police department
Of robloxia
Has issued a amber alert on

James 
4 year old kid was last seen at the Brookhaven bank

And was taken somewhere if you see him call 747"
2022-03-29 20:25:29,@reginapolice Please put out an amber alert!!! We just had one last week for two very young kids in BC!
2022-03-29 20:10:45,@reginapolice Maybe an amber alert will help better?
2022-03-29 20:06:00,"@weartv If the child is also missing, why wasn't an amber alert issued?"
2022-03-29 19:45:32,"A BC RCMP member has provided further information on the timeline of an Amber Alert issued Saturday after residents questioned why there seemed to be a significant delay in notifying the public.

#rcmp #fortstjohn #yxj https://t.co/RGSZan5rYF"
2022-03-29 18:50:40,"2/2. JF

FELON HOTEL OWNERS-NO MONEY AT AMBER ALERT MURDERS-TO-MISSILES. JF"
2022-03-29 18:35:30,@reginapolice Why donâ€™t you put out an amber alert for her? sheâ€™s important too
2022-03-29 18:30:34,Police looking for missing 11-year-old India Jackson https://t.co/u5KAnYLTzV
2022-03-29 18:19:56,"I saw a cloud of dust? and, boom the car ended up in front of me suddenly,"" Provencher said, adding that she had to think fast to avoid a collision.""I stopped on the side of the road and I ran to see if there were people inside â€“ nobody,""https://t.co/TVlQcLM5hH    @CTVMontreal"
2022-03-29 18:12:55,@jason3thousand if this happens send out an amber alert bc admin has been compromised
2022-03-29 18:12:11,"wait guys what if i pretended to get kidnapped, had an amber alert sent out, and then my name pops up on his phone ğŸ˜» #bts"
2022-03-29 18:01:46,I was chilling with a friend and she knew where I was why my phone died and the bitch did a amber alert to my mom and went riding past the mf houseğŸ˜­ğŸ˜­ğŸ˜­
2022-03-29 17:45:05,@ReallyAmerican1 Is he still on Amber Alert? https://t.co/9c3AzE0p6J
2022-03-29 17:00:08,India was last seen at her home on the 2000 block of Bentwood Dr. wearing a shirt with a rainbow and her hair in two puffy ponytails  https://t.co/m86Dk6xbo8
2022-03-29 15:15:41,"@patrickbetdavid Both , cause you might not like it until say amber alert happens that's what ultimately saved ur love one or someone love one . Maybe ğŸ¤·"
2022-03-29 15:00:53,We need to issue an Amber Alert for Merrick Garlandâ€¦.anyone see this guy?  #MerrickGarland https://t.co/5JMalDjAtt
2022-03-29 14:56:29,@Freed_Neon @ohnoanyw @galetta_e *Postpone the amber alert
2022-03-29 14:55:53,Bloggers in India already started summer food ideas and here we are still getting amber alert for snow squall and all ğŸ™„ğŸ™„
2022-03-29 14:54:55,@TBInvestigation @FranklinTNPD Do better next time @TBInvestigation and issue Amber alert when they happen. Not a month later!
2022-03-29 14:42:42,"For me, the most hilarious part of the Chris Rock/Will Smith slap was I was watching the Mavs with a few friends and they both got texts from their moms at the same time like some sort of celebrity drama amber alert"
2022-03-29 14:42:00,Anyone else think it was WW3 when the amber alert went out ?
2022-03-29 12:53:05,"This is the photo given to the Amber alert.June 15, 2021 However Summer`s head was shaved. Why would you give a false impression in a missing child case? Candus can you answer that? https://t.co/uzVcQLD1LL"
2022-03-29 11:40:32,@DatHandsomeJerk @WholeMarsBlog Cellphone operators should have an Emergency Warning Alert broadcast during such an situation based on a 911 call-in. We have Amber Alert now and there no reason why we canâ€™t have a Red Alert. ğŸ‡ºğŸ‡¸ğŸ‡¨ğŸ‡¦ğŸ’©
2022-03-29 11:25:02,ğŸš¨ MISSING CHILD IN #HOUSTON ğŸš¨ https://t.co/f0AvE3CJmy
2022-03-29 11:03:46,"11-Year-Old India ""Denise"" Jackson Missing; Last Seen At Her Home In West Houston Around 1 a.m.
https://t.co/YTYQLXIfDi"
2022-03-29 10:41:39,"@akintonmide Sad thing is, the outrage is more on Twitter and some parts of Facebook.

We has a country, we have not gotten things right in terms of information dissemination. Isn't an amber alert supposed to go out? Or all news and radio be talking about this?
Has your president spoken ?"
2022-03-29 10:36:57,Police looking for missing 11-year-old India Jackson  https://t.co/rKltH9OxhL via @ABC13Houston
2022-03-29 10:34:17,"PC Sleeves Sale Alert!!
P80 per pack of 50 in any of these sizes ğŸ‘‡
ğŸ›’ Sultan Kpop Sleeves (55x86): https://t.co/DUYTR0Fvtv
ğŸ›’ Sultan Amethyst (56x87): https://t.co/ZsLqkTJZxs
ğŸ›’ Sultan Topaz (57.5x89): https://t.co/PM9QavPAPQ
ğŸ›’ Sultan Amber (59x86): https://t.co/nFN2ei3Enx"
2022-03-29 10:27:00,"PLEASE SHARE: India was last seen at her home on the 2000 block of Bentwood Dr. wearing a shirt with a rainbow and her hair in two puffy ponytails. @abc13houston

https://t.co/tbdGnK63z3"
2022-03-29 09:59:21,"And again, my phone has not buzzed once about a missing child right here in town, but the state will send one out at 4:45 am about a case 250 miles away. The Amber Alert system needs some serious fine-tuning to maximize effectiveness. https://t.co/hXCD7AqC2S"
2022-03-29 09:48:27,I feel like the emphasis is how weâ€™re being mocked that we donâ€™t even have to watch the show and itâ€™ll still manage to control the conversation or come up like an amber alert - like the Super bowl. When I tell you I avoided it and I was still forced to watchâ€¦feels violating https://t.co/xLKo2kFeBM
2022-03-29 09:30:56,.@cicpc094 missing children alert from chile kidnapping of two minors please activate amber notification in chile - venezuela it is urgent to locate the minors https://t.co/dViy5qOl6t
2022-03-29 09:27:32,"@Geosorno01 @INTERPOL_HQ kidnapped minors alert missing child amber chile
dear interpol inform us kidnapping of minors please publish"
2022-03-29 08:40:01,India was last seen at her home on the 2000 block of Bentwood Dr. wearing a shirt with a rainbow and her hair in two puffy ponytails  https://t.co/ty0Q4bzWCl
2022-03-29 07:06:35,"NCMEC Missing Child Alert:

Tanaisha Davis, Age Now: 14, Missing: 03/21/2022. Missing From #MINNEAPOLIS, MN. ANYONE HAVING INFORMATION SHOULD CONTACT: @HennepinSheriff (#Minnesota) 1-952-258-5321.

Note: this is *NOT* an AMBER Alert.

#MissingChild https://t.co/o6BWH9u7yJ"
2022-03-29 06:01:07,"@thatchetthief @Adam_Stirling Hmm, wonder if the truckers agree with Tee Kay's theory that the convoy drama was supercharged from all the 5G waves radiating from saturday's Amber Alert ğŸ¤·â€â™€ï¸"
2022-03-29 05:57:17,"[Download] EBOOK ã€ˆNight Eternal: January 1st to January 11th (Amber Alert Book 3)ã€‰â–¶ï¸ by Nick van der Leek
âœ“The easy way to download
âœ“Always available
âœ“Free to download https://t.co/2nm2uIuxzL"
2022-03-29 05:43:06,@PattyArquette @blackandmissing I donâ€™t know how I live in Philadelphia and had no idea that this happened. Philadelphiaâ€™s crime rate has skyrocketed and itâ€™s become increasingly dangerous. Weâ€™re moving in two weeks and Iâ€™m counting the days. I donâ€™t even remember getting an Amber alert..?
2022-03-29 05:25:58,"I do think people get the wrong idea about Amber Alerts. It's just an alert to let you know that a child is missing. It's not saying that you have to go and look for the child. If you complain about Amber Alerts, then you're an asshole."
2022-03-29 05:01:56,"@JoeHoldenCBS3 This is horrific. Itâ€™s 2020. How do we not have a warning system in place for stuff like this? I understand it doesnâ€™t take a long time for this situation to arise, but a warning text like the amber alert with specific location could significantly reduce something like this."
2022-03-29 04:54:45,"Thinking about that recent #amberalert, and how cops refused to use that amber alert system when a antivax dad kidnapped his daughter and was on the run for like 4 months"
2022-03-29 04:25:56,@Kevin_A_Reilly Don Henley said he thought it was an amber alert. His first ever snow squall warning
2022-03-29 03:21:20,DRAMA ALERT! Joseline Hernandez Mortal Kombats Amber &amp; WILL SMITH SMACKS... https://t.co/pgpt8yRQJ1 via @YouTube ğŸ˜­ğŸ˜­ğŸ˜­ğŸ˜­
2022-03-29 02:49:43,Still No Amber alert for #codibigsby The criteriaâ€˜s need to change on who meets them ! If a person is reported missing then there should be a #AmberAlert No matter why!https://t.co/xfL3sAHMx4 @DatelineNBC @GovernorVA @VP https://t.co/68xGfrYahz
2022-03-29 02:40:58,Let's all keep an eye out https://t.co/fLaBnTLFsu
2022-03-29 02:26:30,@ENSAlerts hi eas how r u im skytrains can u amber alert me
2022-03-29 01:23:06,"""Did you get the amber alert about the squall earlier?"""
2022-03-29 01:21:30,Why is twitter showing me this? Is it an amber alert https://t.co/KKGN9AtavA
2022-03-29 01:13:31,"MISSING: Police looking for missing 11-year-old India Jackson, @ABC13HOUSTON 
https://t.co/Luxo4yIJsy"
2022-03-29 01:02:29,Someone send out an Amber Alert for ANDREW CHRISTIAN WIGGINS!!!
2022-03-29 01:00:27,I think we need to put out an amber alert for Garland
2022-03-29 00:42:36,"ğŸGiveaway alertğŸ

5 winners will get:

ğŸ€WL spot from our friends @NearMechaDroids
ğŸ€1 NEAR from AMBER project
To enter:
Join Amber discordğŸ”½ reactğŸ‰
https://t.co/xUFCGLLCyx"
2022-03-29 00:20:02,India was last seen at her home on the 2000 block of Bentwood Dr. wearing a shirt with a rainbow and her hair in two puffy ponytails  https://t.co/ljeq80ZRnt
2022-03-29 00:13:04,@MJPatchouli This guy is a walking AMBER ALERT ğŸš¨ ğŸš¨ ğŸš¨
