2022-04-01 00:48:24,b'Why was there no #AmberAlert for him? Where is #CodiBigsby ? Change how LE handles cases bc all this is BS. Sign th\xe2\x80\xa6 https://t.co/1LwArTyvnN'
2022-03-31 23:16:07,"b'WHAT HAPPENED TO CRISTI LYNN RUSO?\n\nPLEASE LIKE, SHARE, SUBSCRIBE AND RETWEET\n\nhttps://t.co/aaIu8IX5ED\xe2\x80\xa6 https://t.co/pNlvudGMuw'"
2022-03-31 21:46:00,"b'Washington first state in the U.S. to create statewide alert system for missing #Indigenous people, similar to\xe2\x80\xa6 https://t.co/IcGpo184xI'"
2022-03-31 21:36:31,"b'WHAT HAPPENED DO DORIEN THOMAS?\n\nPLEASE LIKE, SHARE, SUBSCRIBE AND RETWEET\n\nhttps://t.co/adZ5DuXzpO\n\n#DORIENTHOMAS\xe2\x80\xa6 https://t.co/3gVeL6xrsa'"
2022-03-31 20:03:55,b'Have you seen Hailey Rivera Delcid??  \n\n#HAILEYRIVERADELCID #MISSING #MARYLAND #SILVERSPRING  #missing\xe2\x80\xa6 https://t.co/IjDLTrS8Gr'
2022-03-31 17:30:46,b'Somebody Call 911 Please!!!\n\n#AmberAlert\n\nMissing Child: Michael Kugelman\nTwitter: @MichaelKugelman\nLast Seen: Sulk\xe2\x80\xa6 https://t.co/1CXkk0VRAN'
2022-03-31 16:14:05,"b""#Missing #SydneyMontgomery\nUntil there's evidence that she's indeed a runaway I'm going to treat this as a missing\xe2\x80\xa6 https://t.co/iYMpoeh6OE"""
2022-03-31 15:01:01,"b'TCM Partner, @AANBVTX, is hosting its 4th annual Missing In The Brazos Valley event at the Brazos Valley Council of\xe2\x80\xa6 https://t.co/JjBvOiZO7Z'"
2022-03-31 14:07:50,b'#Newjersey #NJ #Jersey \xf0\x9f\x9a\xa8\n#amberalert \nPlease share https://t.co/H2nAqG4bQ1'
2022-03-31 12:50:40,b'Where is missing Summer Wells? #SummerWells #missing #amberalert #Tennessee #findSummerWells #CDT #truecrime\nCASE D\xe2\x80\xa6 https://t.co/dd3cGdFmMC'
2022-03-31 09:58:39,b'MISSING TEEN in NJ! #AmberAlert https://t.co/7skFKhoQyA'
2022-03-31 06:28:57,"b'Suspect from Fort St. John arrested after Amber Alert issued, released from police custody and \xe2\x80\x98won\xe2\x80\x99t be facing cha\xe2\x80\xa6 https://t.co/q2a1QgmogZ'"
2022-03-31 03:38:44,"b'WATCH: Suspect from Fort St. John arrested after Amber Alert issued, released from police custody and \xe2\x80\x98won\xe2\x80\x99t be fac\xe2\x80\xa6 https://t.co/5jsfWI1JIr'"
2022-03-31 03:08:28,b'well done to Team Newberry #amberalert'
2022-03-31 02:24:10,b'NAOMI IRION FOUND DECEASED PLEASE PRAY FOR HER FAMILY\nhttps://t.co/sGzmWALHjz\n\n#NaomiIrion #TroyDriver #Reno\xe2\x80\xa6 https://t.co/r2Vlk4R0xF'
2022-03-31 01:26:57,"b""HELP BRING KA'LEAH MALDONADO HOME \nhttps://t.co/HPvwr12jqO\n#missing #MissingPersons #SilverAlert #AmberAlert\xe2\x80\xa6 https://t.co/pJ6byOoJ8M"""
2022-03-31 00:19:07,b'HELP BRING HAYLEE MCCAIN HOME \n#missing #MissingPersons #SilverAlert #AmberAlert #MissingChild #missingperson\xe2\x80\xa6 https://t.co/8wEx6z4TJ6'
2022-03-30 22:58:44,b'FAITH HOPPENS 16  IS MISSING FROM LAWRENCE KANSAS.  HAVE YOU SEEN HER?  #FAITHHOPPENS #MISSING #MissingChild\xe2\x80\xa6 https://t.co/LNvGY5ifuc'
2022-03-30 22:38:21,"b'MADDOX DIXON 13 IS MISSING OUT OF GLENDALE ARIZONA, HAVE YOU SEEN HIM?\n\n#MADDOXDIXON #GLENDALE #Arizona\xe2\x80\xa6 https://t.co/1uWZyUekCG'"
2022-03-30 17:20:02,b'@OhBeing #AmberAlert cancelled. Children found safe.'
2022-03-30 17:19:46,"b'HAVE YOU SEEN DULCE MARIA ALAVEZ?\n\nPLEASE LIKE, SHARE AND SUBSCRIBE\n#AmberAlert #missing #MissingPersons\xe2\x80\xa6 https://t.co/Bu0ukm5Nqr'"
2022-03-30 17:19:39,b'@CKNW #AmberAlert cancelled. Children found safe.'
2022-03-30 17:18:49,b'#AmberAlert cancelled. Children found safe.'
2022-03-30 17:18:35,b'#AmberAlert cancelled. Children found safe.'
2022-03-30 17:17:19,"b""Remember him?? This is the guy who took off with his neighbor's 5-year-old child and fled Ohio last year!!\xe2\x80\xa6 https://t.co/GCs1p8jQiv"""
2022-03-30 04:50:15,"b'Donors donating blood provide a glimpse of hope. About 1 in 7 people need blood, entering the hospital bed.\nAndroid\xe2\x80\xa6 https://t.co/0IHjhq99yE'"
2022-03-30 03:51:54,b'This baby #CodiBigsby has not been found as of today! We are in the 9th week and No Updates No #AmberAlert ! The co\xe2\x80\xa6 https://t.co/aPLlyFmBrA'
2022-03-30 03:50:18,b'@SenLouiseLucas @VASenateDems Please come to Hampton and help us find #CodiBigsby - Missing 9 weeks now.\xe2\x80\xa6 https://t.co/x8Wkv7hpPE'
2022-03-30 00:50:12,b'This baby #CodiBigsby has not been found as of today! We are in the 9th week and No Updates No #AmberAlert ! The co\xe2\x80\xa6 https://t.co/13rhAONr7a'
2022-03-29 23:14:12,b'@WTKR3 @GovernorVA @WAVY_News @KatieCollettTV @NancyGrace @shaunking @untilfreedom @CourtTV @MissingKids\xe2\x80\xa6 https://t.co/qLqQjeJ88V'
2022-03-29 23:12:55,"b'HELP FIND BETTY SUE TAYLOR \n\nPLEASE LIKE, SHARE, SUBSCRIBE AND #RETWEEET \n\n#Missing #MissingChild #AmberAlert\xe2\x80\xa6 https://t.co/mcLGXciwxp'"
2022-03-29 22:19:34,b'\xf0\x9f\x92\x99 We will be coordinating search parties Tuesdays &amp; Thursdays. Volunteer information can be found on the\xe2\x80\xa6 https://t.co/2oNBaWDS62'
2022-03-29 22:03:18,"b'JAMES BROWN IS MISSING OUT OF PICKERINGTON, OHIO.  HAVE YOU SEEN HIM?\n\nhttps://t.co/11Y5I4WOjN\n\n#Missing\xe2\x80\xa6 https://t.co/fwX7hVhhZn'"
2022-03-29 21:37:16,b'#BringOurMissingHome\n#AmberAlert\n#truecrimecommunity \n#PositiveVibes\nLets Works Together To answer the call . https://t.co/SQrG5VvY2z'
2022-03-29 21:35:53,"b'HELP FIND MARISSA LOUISE BLACKSMITH\n\nhttps://t.co/QCBZ2erVeS\n\nPlease like, share, subscribe and retweet\n\n#Missing\xe2\x80\xa6 https://t.co/eggFNb7L4N'"
2022-03-29 21:21:35,"b""Why do Amber alerts on our phones not come with a picture when available? Also, why aren't ALL local missing childr\xe2\x80\xa6 https://t.co/w7KkFjpDdq"""
2022-03-29 20:21:02,"b'Here is a new creator to YouTube, Great channel, Please go subscribe and help to grow her channel.\n\n#truecrime\xe2\x80\xa6 https://t.co/NG1ltsiJOY'"
2022-03-29 18:10:49,"b""#DenisePipitone \xf0\x9f\x86\x98 is unaware of her past.\n If you have a similarity and you're 22 years old\nmaybe you are the young\xe2\x80\xa6 https://t.co/S5FMfYmYdQ"""
2022-03-29 17:40:47,b'\xf0\x9f\x8c\x9f Please Watch &amp; Share \xf0\x9f\x8c\x9f\n\nINFANT ABDUCTION! We can be her #AMBERAlert #IrisChidester #Missing #NewYork\xe2\x80\xa6 https://t.co/UrKXsdIJUu'
2022-03-29 08:34:04,"b'SEE Something, SAY Something \xf0\x9f\x9a\xa8\n#RetweetMaster #MichaelVaughan\nCALL Tanea Parmenter 208.884.7137\nActivate\xe2\x80\xa6 https://t.co/TKj3tX6GRh'"
2022-03-29 05:50:20,b'Why do you need a Help Center?\nAndroid: https://t.co/6xBhravm7c\niOS: https://t.co/Q2fXYir20U\n#Helpy #Help\xe2\x80\xa6 https://t.co/RL7rdr78ag'
2022-03-29 04:54:45,"b'Thinking about that recent #amberalert, and how cops refused to use that amber alert system when a antivax dad kidn\xe2\x80\xa6 https://t.co/186RjYn3W1'"
2022-03-29 03:24:07,"b""12-year-old girl vanishes after telling dad she was taking walk.\n\nLET'S FIND HER ARIZONA!\n\nHER MOTHER IS PLEADING S\xe2\x80\xa6 https://t.co/JoEcyf1EPk"""
2022-03-29 02:49:43,b'Still No Amber alert for #codibigsby The criteria\xe2\x80\x98s need to change on who meets them ! If a person is reported miss\xe2\x80\xa6 https://t.co/XZGgUSvo1j'
2022-03-28 23:44:14,b'@OttawaCitizen Why does this not constitute an #AmberAlert? A little girl is missing\xe2\x80\xa6'
2022-03-28 18:25:02,b'We need as many people as possible to volunteer and search. We will also be passing out missing flyers. \n\nNo\xe2\x80\xa6 https://t.co/a8bC2bmFXc'
2022-03-28 16:21:17,b'AMBERALERT! Still missing! One year old Jos\xc3\xa9 Lara was last seen this Sunday playing in his Putnam County home backy\xe2\x80\xa6 https://t.co/dquPGdBmoS'
2022-03-28 16:14:08,"b""A #toddler #missing near #swamp &amp; #woods doesn't trigger an #AMBERAlert or an #URGENT #ENDANGERED #ALERT of some ki\xe2\x80\xa6 https://t.co/iy3Gu6NlVa"""
2022-03-28 15:56:17,"b'@hummingbirdess I understand, mom went inside house to clean up older child &amp; left the 1 1/2 year-old Jose in back\xe2\x80\xa6 https://t.co/FQlcczbM9V'"
2022-03-28 15:44:43,b'#AmberAlert \xf0\x9f\x86\x98\xf0\x9f\x87\xae\xf0\x9f\x87\xb9#Missing #MissingPerson \n#missingpersons Have you seen her? do you recognise yourself? If you have i\xe2\x80\xa6 https://t.co/DfDMItvPvS'
2022-03-28 15:17:27,"b'Crickets on Meadows!!!\xf0\x9f\xa6\x97 Maybe if #GinniThomasSeditiousConspirator is referred for indictment, there might be a dual\xe2\x80\xa6 https://t.co/V1w2tED6lA'"
2022-03-28 14:53:14,b'@Christo99407429 @Stacy_NonSurfer Is this the same @ISPHeadquarters @Col_WillsISP that mysteriously changed their\xe2\x80\xa6 https://t.co/7fx3nfu91s'
2022-03-28 11:45:07,"b""#DenisePipitone \xf0\x9f\x86\x98 is unaware of her past.\n If you have a similarity and you're 22 years old\nmaybe you are the young\xe2\x80\xa6 https://t.co/hxxhCoVZvX"""
2022-03-28 09:55:31,"b""ICYMI: We're staying on the search for this toddler until he's found &amp; returned home. Little Jose has been missing\xe2\x80\xa6 https://t.co/6bZsdGXx5E"""
2022-03-28 06:53:46,"b'GAYDEN RUSSELL, 13, IS MISSING OUT OF PLANTATION FLORIDA.  HAVE YOU SEEN HIM?\n\nPLEASE LIKE, SHARE, SUBSCRIBE AND RE\xe2\x80\xa6 https://t.co/d98nNXM7MQ'"
2022-03-28 06:35:33,"b'HELP FIND MISSING JOSE LARA, CRESCENT CITY, FL\n\nhttps://t.co/6XdxDeqCre\nPLEASE LIKE SHARE, SUBSCRIBE AND RETWEET\xe2\x80\xa6 https://t.co/eWaSNJHhCk'"
2022-03-28 04:58:06,b'@Brian_Dell @Mellow4orever @loveyourcake You can stop talking about my family any time. #AmberAlert'
2022-03-27 21:58:57,"b'""Ontario Provincial Police (OPP) confirmed that they had located the vehicle &amp; the four individuals in Kenora, Ont.\xe2\x80\xa6 https://t.co/IOkyi5Kgvw'"
2022-03-27 21:25:30,"b""Check out The CAR Guys (Big Easy Bob Oh)'s video! #TikTok https://t.co/XnGPgU4TxZ #AmberAlert"""
2022-03-27 20:38:39,"b'FYI, California has an Alert system based on location, type of alert, time since person missing and would have been\xe2\x80\xa6 https://t.co/SkcMbQEWnX'"
2022-03-27 20:22:35,b'Need a website for your business or for yourself then what are you waiting for feel free to contact me\xe2\x80\xa6 https://t.co/KyaquocNR6'
2022-03-27 20:21:14,"b'Amber Alert cancelled, suspect in custody \n\nWow!  Well done #Kenora OPP!  #amberalert \xe2\x81\xa6@OPP_NWR\xe2\x81\xa9  https://t.co/HYbftwX94j'"
2022-03-27 20:05:02,b'Children missing from Fort St. John found by police in Ontario https://t.co/JmbFOYLCKY #AmberAlert  update  Kids found in #Ontario #Canada'
2022-03-27 19:21:46,"b'4 those upset over Amber Alerts interrupting their radio listening, tv watching, &amp; cell phones going off in public:\xe2\x80\xa6 https://t.co/0BlqIzRvWP'"
2022-03-27 17:09:59,"b'Children missing from Fort St. John, BC found by police in Ontario after Amber Alert Issued. -\xe2\x80\xa6 https://t.co/9F07GizJsn'"
2022-03-27 16:34:04,"b""@Todd_Quartered @lumsdominator @cbcnewsbc Very valid question (and I agree with what you're saying).\n\nI'm am always\xe2\x80\xa6 https://t.co/pehYwcQLrw"""
2022-03-27 14:23:01,"b""#AmberAlert: Ridiculous you can't opt out of these."""
2022-03-27 14:22:53,"b""#DenisePipitone \xf0\x9f\x86\x98 is unaware of her past.\n If you have a similarity and you're 22 years old\nmaybe you are the young\xe2\x80\xa6 https://t.co/yPHa8rQdEK"""
2022-03-27 10:16:13,b'#dkoding\nOvercautious Johnny Depp Taking The First Project After Being Banned Way Too Seriously \n@kaistha_deepak\xe2\x80\xa6 https://t.co/OSNIDyQrdK'
2022-03-27 04:36:39,"b'@dianemariereid They were found safe, in Ontario. \n#AmberAlert works. \n\xf0\x9f\x92\x96\xf0\x9f\x92\x96\xf0\x9f\x92\x96'"
2022-03-27 03:13:27,"b""@NatalieLanovill @Kim_SmithTV @kevole it seems they ignored the mom...she's OK \nand the initial #AmberAlert did not\xe2\x80\xa6 https://t.co/do3zbXhTj7"""
2022-03-27 02:55:30,b'#AmberAlert #BC tweets deleted - they have been found in #Ont'
2022-03-27 02:09:00,"b'""The alert was cancelled just before 4 p.m. PT Saturday after the mother and children were found safe near Kenora,\xe2\x80\xa6 https://t.co/B2ETizOHg0'"
2022-03-27 01:55:41,b'This Nigga Bishop and his #AmberAlert on fbook \xf0\x9f\x98\x82'
2022-03-27 01:40:08,b'Good news #Sask #amberalert cancelled https://t.co/1sMT0g5eTR'
2022-03-27 01:28:31,"b'When we landed in YVR, everyone on the plane got the #AmberAlert at the same time. Not the first sound you want to hear on landing.'"
2022-03-27 01:15:06,b'Children have been found safe in Ontario.\n\nYay!! \n\n#AmberAlert called off. Thx for the retweets peeps! https://t.co/dMwwl5hQPr'
2022-03-27 01:14:50,b'May I say I think there are too many Amber Alerts?  This #AmberAlert was issued for Vancouver despite other police\xe2\x80\xa6 https://t.co/uW6MrZk0CH'
2022-03-27 01:09:11,b'#AMBERALERT Cancelled! https://t.co/mWj3WekMk9'
2022-03-27 00:58:04,b'#amberAlert @AMBERAlert  people like this  @lumsdominator are the reason some endangered kids are not saved.  This\xe2\x80\xa6 https://t.co/MrqfIIjnzt'
2022-03-27 00:49:55,b'#AmberAlert AB has been canceled.'
2022-03-27 00:37:35,"b""'Amber Alert' in the city! \n#Vancouver #AmberAlert"""
2022-03-27 00:29:52,"b'CANCELLED: #AmberAlert for Liam, Myra &amp; Dawn Bellamy. Follow @BCRCMP for further updates. #BC #FortStJohn #YXJ - Ma\xe2\x80\xa6 https://t.co/ycW6ZJ8TBt'"
2022-03-27 00:26:44,b'BC #AmberAlert has ended. The suspect has been located and is in police custody. The mother and two children are sa\xe2\x80\xa6 https://t.co/kXtezSiW42'
2022-03-27 00:18:28,b'#AmberAlert \n\nCOULD BE IN WINNIPEG https://t.co/GqPh1zcEv8'
2022-03-27 00:16:47,b'#AmberAlert in BC and Alberta has been cancelled \n\nThe mother of two children are safe and the suspected abductor\xe2\x80\xa6 https://t.co/4Q728kKZgQ'
2022-03-27 00:10:01,b'@Leah_Holiove Kids are ok Dad is in custody #AmberAlert cancelled they were apparently found somewhere in Ontario'
2022-03-27 00:06:20,b'@DrJayDrNo Gods be thanked!\xf0\x9f\x98\x81 #AmberAlert worked!\xf0\x9f\x98\x82 https://t.co/HWqFULvhaL'
2022-03-27 00:05:44,b'#Winnipeg #Manitoba and Western Canada #Saskatchewan #Alberta #BritishColumbia be on the lookout for this people. B\xe2\x80\xa6 https://t.co/q3HnZQ5uSw'
2022-03-27 00:03:54,b'Hey @globeandmail so there\xe2\x80\x99s an #AmberAlert and the content is only available to subscribers?Thank god it was cance\xe2\x80\xa6 https://t.co/lgUfjPdrKm'
2022-03-26 23:58:37,b'#AmberAlert #Cancelled #Located #Ontario #missingfromBC Thank you everyone for sharing. The man is in custody and t\xe2\x80\xa6 https://t.co/4LVf0aKQpw'
2022-03-26 23:58:11,"b'VERY good news, thank goodness. #AmberAlert https://t.co/OU4RGrx3Zk'"
2022-03-26 23:47:44,"b'A Fort St. John mother and her two children have been found in Kenora, Ontario and Jason Dalrymple, who allegedly a\xe2\x80\xa6 https://t.co/YI7eh0YFv1'"
2022-03-26 23:45:55,b'#AmberAlert issued for a mother and her two children from Fort St. John #BC has been deactivated. RCMP say one man\xe2\x80\xa6 https://t.co/jsNF4uM9FI'
2022-03-26 23:44:30,b'UPDATE: This #AmberAlert has been cancelled because 2 children and their mom have been found safe. https://t.co/FlkMxMhUSo'
2022-03-26 23:42:25,b'@DriveBC @BCRCMP @511Alberta Yes!!   And this is why we have #AmberAlert'
2022-03-26 23:41:03,b'This is excellent news. #AmberAlert https://t.co/5NvqrZG3Vu'
2022-03-26 23:40:37,b'#AmberAlert canceled.  Suspect in custody https://t.co/48NICpLVze'
2022-03-26 23:38:18,"b'The @BCRCMP Amber Alert for two children from Fort St. John, B.C. has been cancelled as of Saturday 2022-03-26 4:21\xe2\x80\xa6 https://t.co/Vj2FjRskeM'"
2022-03-26 23:35:08,b'#AmberAlert\n\nOriginally @BCRCMP \n\nMay now be in Manitoba. https://t.co/M4oeKXp5y1 https://t.co/mJtv3tPho8'
2022-03-26 23:34:25,b'An #AmberAlert  issued earlier in the day for a pair of northern BC children has been cancelled.\n\n https://t.co/Hq0Muq4zFQ'
2022-03-26 23:33:52,b'Amber Alert Cancelled - Two children and Woman abducted in northern British Columbia - 4-year-old Liam Ballamy and\xe2\x80\xa6 https://t.co/nzNhZn9CzM'
2022-03-26 23:30:03,b'UPDATE via @EmergencyInfoBC - #AmberAlert for the BELLAMY children cancelled. Update to come from the @BCRCMP. https://t.co/mRBniRQIVJ'
2022-03-26 23:26:06,b'This #amberalert has been cancelled. https://t.co/tMINVakQtY'
2022-03-26 23:25:25,"b'CANCELLED: #AmberAlert for Liam, Myra &amp; Dawn Bellamy. Follow @BCRCMP for further updates. #BC #FortStJohn #YXJ'"
2022-03-26 23:20:42,b'The #AmberAlert has been cancelled. More information still to come.'
2022-03-26 23:20:27,b'The #AmberAlert has been cancelled. More information still to come.'
2022-03-26 23:14:43,b'Thank god #Breaking #AmberAlert https://t.co/f8sh5qBBHX'
2022-03-26 23:11:04,b'#AmberAlert cancelled https://t.co/A2wHt0eQrn'
2022-03-26 23:08:00,b'#AmberAlert #FortStJohn Amber Alert has been lifted no word on where they where found hopefully we will get an update soon.'
2022-03-26 23:07:45,b'#AmberAlert cancelled. Children found safe.'
2022-03-26 23:03:57,b'@DrJayDrNo #AmberAlert was just cancelled! By the #RCMP Could be good news!\xf0\x9f\x98\x81'
2022-03-26 23:02:13,"b""My phone's emergency alert just said the #AmberAlert ended. Waiting on official word why. \xf0\x9f\x91\x80 Hopefully they found everyone safe."""
2022-03-26 23:01:48,b'#AmberAlert Cancelled https://t.co/BvVsXwdOtA'
2022-03-26 22:57:32,b'#AmberAlert in BC ended? What does that mean? I hope they are safe and duffus is in custody \xf0\x9f\x99\x8f\xf0\x9f\x8f\xbc'
2022-03-26 22:57:25,b'Apparently #AmberAlert  is cancelled https://t.co/sHXHaX9u3q'
2022-03-26 22:57:21,"b'UPDATE - As of 3:53 p.m., the Amber Alert has been cancelled.  We are waiting to get more information from the RCMP\xe2\x80\xa6 https://t.co/6SCt3RCwdA'"
2022-03-26 22:56:19,b'Mounties said the children were taken against their will from a northern B.C. home and believe the suspects are hea\xe2\x80\xa6 https://t.co/xFgBA9H3dF'
2022-03-26 22:56:13,b'Mounties said the children were taken against their will from a northern B.C. home and believe the suspects are hea\xe2\x80\xa6 https://t.co/hOfmmmIlKI'
2022-03-26 22:48:09,b'Oh sh*t! I think we\xe2\x80\x99re dead soon\xe2\x80\xa6 #AmberAlert @winni134_gaming @Mayor_Bowman @Braiden86705629 @PsychicMedium82 https://t.co/A4eP22VzjX'
2022-03-26 22:44:06,b'Bruh the #AmberAlert scared the shit out of me while I was relaxing in my bed.'
2022-03-26 22:38:40,b'Anyone in #Manitoba that\xe2\x80\x99s pissed off because of the #AmberAlert that was sent to mobile devices by the #RCMP is an\xe2\x80\xa6 https://t.co/52PO2nX51U'
2022-03-26 22:37:30,"b'While I hate that an #amberalert needed to be issued, I loved hearing all the devices going off around me as everyo\xe2\x80\xa6 https://t.co/i97bDAI2Jm'"
2022-03-26 22:36:17,"b'#amberalert #winnipeg #mb \nLICENSE PLATE- HT184A, 2004 GREEN JEEP CHEROKEE, SUSPECT - JASON DALRYMPLE https://t.co/0rr2QtOSh7'"
2022-03-26 22:34:39,b'#amberalert LICENSE PLATE - HR184A\n2004 GRAND JEEP CHEROKEE\n\nSuspect- JASON DALRYMPLE https://t.co/gpOwaA76kV'
2022-03-26 22:34:33,b'And another #AmberAlert for the four year old and 10 month old. \n\nAlso this alert asking people to look for the jee\xe2\x80\xa6 https://t.co/6rZaUEZ9Uy'
2022-03-26 22:34:24,"b'#AmberAlert\nOhhhhh, the suspect is gonna get it https://t.co/s8uG9SaSMY'"
2022-03-26 22:32:18,"b'#AmberAlert \n\nBC friends, stay safe&lt;3 https://t.co/WupoKz6fzs'"
2022-03-26 22:32:04,b'#AmberAlert goes off during a @jeffdunham show in Winnipeg.'
2022-03-26 22:30:46,b'Ooooo my phone is going crazyy #AmberAlert #Manitoba https://t.co/oxu6u58kJd'
2022-03-26 22:29:58,b'An #AmberAlert has also been issued by Alberta &amp; Saskatchewan RCMP.\nAlberta info: https://t.co/CFTb8mtcnF\nSaskatche\xe2\x80\xa6 https://t.co/WwcdjTMPKB'
2022-03-26 22:28:13,b'Never wish me bad cause I never for once did \xf0\x9f\x99\x8f this life is too short\n\nHow I wish my bank account can just touch Je\xe2\x80\xa6 https://t.co/StBrnCWfxS'
2022-03-26 22:17:22,b'#Canada #AmberAlert #child abduction https://t.co/W4UVIHXd5f'
2022-03-26 22:16:42,"b""Third time's the charm? #AmberAlert https://t.co/cjMnrAzVrN"""
2022-03-26 22:16:19,b'#DenisePipitone #AmberAlert \xf0\x9f\x86\x98\xf0\x9f\x87\xae\xf0\x9f\x87\xb9#Missing #MissingPerson #Europe \n#missingpersons Have you seen her? do you recognise\xe2\x80\xa6 https://t.co/ngX9E9aRyG'
2022-03-26 22:15:17,"b'Everytime I hear that tone on the air and I know how quickly we move to get it there, my heart sinks, and I always\xe2\x80\xa6 https://t.co/mUyRzzb0xL'"
2022-03-26 22:08:25,b'#AmberAlert\nIt\xe2\x80\x99s bad an all. But did they really have to make it sound like the world was ending? Like fr my phone won\xe2\x80\x99t chill.'
2022-03-26 22:05:59,b'Mounties said the children were taken against their will from a northern B.C. home and believe the suspects are hea\xe2\x80\xa6 https://t.co/m2RkSt9LtS'
2022-03-26 22:05:49,b'Mounties said the children were taken against their will from a northern B.C. home and believe the suspects are hea\xe2\x80\xa6 https://t.co/xWHb81Rt0x'
2022-03-26 22:05:39,b'Mounties said the children were taken against their will from a northern B.C. home and believe the suspects are hea\xe2\x80\xa6 https://t.co/uGsHyepqXt'
2022-03-26 21:49:41,"b'@lumsdominator @AMedicsMind @cbcnewsbc The #AmberAlert system is asking the public to watch out for this guy, the k\xe2\x80\xa6 https://t.co/NYA3B7thdX'"
2022-03-26 21:46:46,"b""\xf0\x9f\x86\x98#DenisePipitone is unaware of her past.\n If you have a similarity and you're 22 years old\nmaybe you are the young\xe2\x80\xa6 https://t.co/DW8ABN6F7F"""
2022-03-26 21:42:03,"b'May be headed east to Ontario:\n""In a media release, Fort St. John RCMP said they have grounds to believe the mother\xe2\x80\xa6 https://t.co/NK5pbYDsvN'"
2022-03-26 21:39:00,"b'#AmberAlert on my cell today:\n\nPLEASE SHARE:\n\xf0\x9f\x94\xb6\xf0\x9f\x9f\xa0\xf0\x9f\x9f\xa7 Amber Alert for Alberta! \xf0\x9f\x9f\xa7\xf0\x9f\x94\xb6\xf0\x9f\x9f\xa0\nAlberta, BC and Saskatchewan. https://t.co/mIlngH463N'"
2022-03-26 21:37:46,b'#AmberAlert continues. https://t.co/cTLZPXxKoB'
2022-03-26 21:35:45,b'#AmberAlert issued by @FortStJohnRCMP for 4 year old Liam Ballamy and 10 month old Myra Ballamy. Suspect is Jason D\xe2\x80\xa6 https://t.co/aM9ubs4x9W'
2022-03-26 21:35:31,"b""@loveyourcake Me not so much. That's my cousins who are missing....maybe think about someone besides yourself?\n\n#AmberAlert"""
2022-03-26 21:34:05,b'Stay alert \xf0\x9f\x9a\xa8 #AmberAlert #BCAmberAlert #fortstjohn https://t.co/klbANUL1gc'
2022-03-26 21:33:13,b'#AmberAlert #northernBC #BritishColumbia #jasondalrymple These two children and their mother are at risk. # BOLO https://t.co/wnQ8y7bTQz'
2022-03-26 21:30:42,"b""#AMBERALERT LET'S FIND THESE KIDS \xf0\x9f\x91\x87\xf0\x9f\x91\x87\xf0\x9f\x91\x87\xf0\x9f\x91\x87\xf0\x9f\x91\x87\xf0\x9f\x91\x87\xf0\x9f\x91\x87\xf0\x9f\x91\x87\xf0\x9f\x91\x87\xf0\x9f\x91\x87 https://t.co/cob0zlfqiE"""
2022-03-26 21:30:02,"b'For detailed info to help locate 4-year-old Liam Bellamy, 10-month-old Myra Bellamy &amp; 23-year-old Dawn Bellamy revi\xe2\x80\xa6 https://t.co/NJkLYXp1Rr'"
2022-03-26 21:27:26,"b'RCMP issues amber alert after alleged abduction of mother and two children in Fort St. John:\n\n""Mounties are looking\xe2\x80\xa6 https://t.co/ha8kR2bCA7'"
2022-03-26 21:23:49,"b'#BOLO #AmberAlert #FortStJohn #RCMP jeep@grand Cherokee license plate HT184A - call 911, do not approach https://t.co/j3s8Pn6qlf'"
2022-03-26 21:23:21,"b'#BOLO #AmberAlert #FortStJohn #RCMP jeep@grand Cherokee license plate HT184A - call 911, do not approach https://t.co/debiwetZRV'"
2022-03-26 21:23:14,"b'MORE INFO: The mother of the children is believed to be with the suspect and the allegedly abducted kids, and RCMP\xe2\x80\xa6 https://t.co/l1bR6lkbLs'"
2022-03-26 21:22:40,"b'#AmberAlert #Alberta #BC #ABRoads #BCRoads extended to alberta retweet and repost, do not approach the suspect call\xe2\x80\xa6 https://t.co/LwlLpYbFHP'"
2022-03-26 21:21:53,"b'#AmberAlert for two children and their mother in BC \xf0\x9f\x87\xa8\xf0\x9f\x87\xa6. ""It\'s believed the children and their mother were taken aga\xe2\x80\xa6 https://t.co/3QdqX031DH'"
2022-03-26 21:21:38,"b'BC, Alberta, Saskatchewan  Amber Alert - Two children and Woman abducted in northern British Columbia - 4-year-old\xe2\x80\xa6 https://t.co/NWvSGZ3Qh2'"
2022-03-26 21:20:55,b'Complaints from assholes incoming. \xf0\x9f\xa5\xba\n\nKeep an eye out for Liam (4yrs) &amp; Myra (10mos) who were abducted from Fort St\xe2\x80\xa6 https://t.co/rG0j7709Vh'
2022-03-26 21:20:27,"b'#AmberAlert #Alberta #BC #ABRoads #BCRoads extended to alberta retweet and repost, do not approach the suspect call\xe2\x80\xa6 https://t.co/tvsa6GjdJv'"
2022-03-26 21:15:55,b'I swear to god if anything happens to these two babies I will be ready to kill #AmberAlert https://t.co/L0TVGfMHlo'
2022-03-26 21:15:37,b'#DenisePipitone #AmberAlert \xf0\x9f\x86\x98\xf0\x9f\x87\xae\xf0\x9f\x87\xb9#Missing #MissingPerson #Europe \n#missingpersons Have you seen her? do you recognise\xe2\x80\xa6 https://t.co/uJv210keeh'
2022-03-26 21:14:52,b'RCMP in Fort St. John activate #AmberAlert for 2 missing children | CBC News https://t.co/n2OV2SlFpM'
2022-03-26 21:13:16,"b'#AmberAlert #Alberta extended to alberta retweet and repost, do not approach the suspect call 9-1-1 if you have any\xe2\x80\xa6 https://t.co/mW4025JtVm'"
2022-03-26 21:12:36,b'#AmberAlert Really triggered brainwashed non-thinking idiots this morning with my criticism of the how this system is being used.'
2022-03-26 21:12:28,"b'#AmberAlert #Alberta extended to alberta retweet and repost, do not approach the suspect call 9-1-1 if you have any\xe2\x80\xa6 https://t.co/cZBTHUB7rY'"
2022-03-26 21:11:13,"b'#AmberAlert #Alberta extended to alberta retweet and repost, do not approach the suspect call 9-1-1 if you have any\xe2\x80\xa6 https://t.co/MjCQUZGyW9'"
2022-03-26 21:11:10,"b'BC, Alberta Amber Alert - Two children and Woman abducted in northern British Columbia - 4-year-old Liam Ballamy an\xe2\x80\xa6 https://t.co/aZzJChzpYu'"
2022-03-26 21:10:43,b'for any of my Canadian friends. #AmberAlert #rcmp #fortstjohn https://t.co/kRlqyvPbnS'
2022-03-26 21:09:38,b'Police believe the children and their mother were taken against their will from their home in Fort St. John and are\xe2\x80\xa6 https://t.co/OZLk8R8KEq'
2022-03-26 21:09:32,b'B.C. Amber Alert extends to Alberta Be on the lookout! #amberalert #Alberta #bc  https://t.co/X7zmKaAbI5'
2022-03-26 21:09:17,b'B.C. Amber Alert extends to Alberta Be on the lookout! #amberalert #Alberta #bc  https://t.co/dWXgfoPvyG'
2022-03-26 21:08:04,b'Hope they find those little kids. #AmberAlert'
2022-03-26 21:03:08,"b""there's two sides a sad one and a safer future through technology. imagine the future though and seeing just one of\xe2\x80\xa6 https://t.co/AtsaFbi5Za"""
2022-03-26 21:02:05,"b'#AmberAlert This morning, keep an eye out people. That being said, my criticism on how these alerts are sent out to\xe2\x80\xa6 https://t.co/fMVzrlvHZ8'"
2022-03-26 20:58:41,b'Please please please keep your eyes out and get these babies home safe #amberalert https://t.co/U1YGFVKCuj'
2022-03-26 20:58:09,b'Fort St. John RCMP\xc2\xa0 have issued an amber alert as they have grounds to believe that Jason Dalrymple\xc2\xa0 has taken Dawn\xe2\x80\xa6 https://t.co/c5dRzLZZwM'
2022-03-26 20:57:55,b'Here is a photo of Jason Dalrymple along with the children and their mother Dawn Bellamy. All three are believed to\xe2\x80\xa6 https://t.co/AtaYzU3DhT'
2022-03-26 20:51:50,"b'For detailed info to help locate 4-year-old Liam Bellamy, 10-month-old Myra Bellamy &amp; 23-year-old Dawn Bellamy revi\xe2\x80\xa6 https://t.co/pxcnSoieNK'"
2022-03-26 20:50:48,"b""Word is that the father is abusive and may have abducted the children's mother as well.  I hope they're all found s\xe2\x80\xa6 https://t.co/WdXFMtmCpc"""
2022-03-26 20:50:07,b'#AmberAlert issued for two children in northern British Columbia #BC https://t.co/Z7StwOQek7'
2022-03-26 20:50:00,b'12:00pm Approx Got Emergency Notification for #AmberAlert #canada @ECEBC1 https://t.co/kkp2hdfUx0'
2022-03-26 20:49:52,"b'Photos of children as well as mom, dad and the vehicle in the article. \xf0\x9f\x91\x87 #AmberAlert https://t.co/jXUUaK2fAG'"
2022-03-26 20:49:01,"b'Issued by RCMP B.C. Canada #AmberAlert 10 mth old and 4 year  abducted from Fort St. John BC family home, by father. https://t.co/CytutS79O3'"
2022-03-26 20:48:51,b'#AmberAlert for #FortStJohn was also broadcasted in #Alberta  https://t.co/LiNSQbVvgC'
2022-03-26 20:48:49,b'Interprovincial #AmberAlert issued for #BC and #Alberta #RCMP #albertaemergencyalert #AEA #BCEmergencyAlert\xe2\x80\xa6 https://t.co/jtHeLu8fmQ'
2022-03-26 20:48:03,b'Hey @YourAlberta what\xe2\x80\x99s the point of issuing an #AmberAlert if you aren\xe2\x80\x99t going just come out and tell us details i\xe2\x80\xa6 https://t.co/pe6wdNLO8A'
2022-03-26 20:47:42,b'Hope the kids are found safe #AmberAlert https://t.co/xcVbnSRBVe'
2022-03-26 20:47:27,"b'In a media release, RCMP said they have grounds to believe the mother and two children were taken \xe2\x80\x9cagainst their wi\xe2\x80\xa6 https://t.co/Np5CK2x6OF'"
2022-03-26 20:47:09,"b'Y\xe2\x80\x99all be on the lookout for Jason Dalrymple. license plate is HT184A, could be traveling in a 2004 olive green Jeep\xe2\x80\xa6 https://t.co/tUIHSA6Hfb'"
2022-03-26 20:46:31,b'RCMP in Fort St. John activate Amber Alert for 2 missing children https://t.co/q0E9a0Nzt2  #AmberAlert  #Ontario\xe2\x80\xa6 https://t.co/0Mq1UnkWiJ'
2022-03-26 20:46:13,b'https://t.co/yazmpWVAl4\nOriginally issued by @BCRCMP\nThey might be entering the borders of Alberta. \n#AmberAlert\xe2\x80\xa6 https://t.co/IUSgzIfIrm'
2022-03-26 20:46:09,"b""#AmberAlert for two children from Fort St. John. They've been taken by their father. Might be driving a green Jeep\xe2\x80\xa6 https://t.co/VJUAfLWvXE"""
2022-03-26 20:45:57,"b'#AmberAlert issued in Alberta after two children were allegedly abducted on March 24 from #FortStJohn, BC. See info\xe2\x80\xa6 https://t.co/lXKX5xX2pt'"
2022-03-26 20:45:34,b'#AmberAlert sharing from Southern Alberta. #yql keep an eye out! https://t.co/MuYn2BV7sn'
2022-03-26 20:45:27,b'2 children! BC Jeep\nPlease read.\n\nInter Provincial #AmberAlert Alert - #Alberta https://t.co/ZUhDrSj69r https://t.co/ERZSbUbJGv'
2022-03-26 20:45:22,b'Head\xe2\x80\x99s up! Did you get this #AmberAlert just now too? - April #yql https://t.co/UHtWMohL46'
2022-03-26 20:45:01,b'Head\xe2\x80\x99s up! Did you get this #AmberAlert just now too? - April #yql https://t.co/MaVascWpAz'
2022-03-26 20:44:14,"b'Damn. These days every time an #AmberAlert goes off, I half expect my phone to tell me to head to the nearest bomb shelter.'"
2022-03-26 20:44:11,b'Did anyone else get freaked out by this \xf0\x9f\x98\xb3 #AmberAlert #yyc https://t.co/Ztgms62hCE'
2022-03-26 20:44:11,b'#AmberAlert RCMP in Fort St. John activate Amber Alert for 2 missing children https://t.co/XnKLX4Ne9Z Police say th\xe2\x80\xa6 https://t.co/Cyhd6vURqz'
2022-03-26 20:43:30,b'again?! #AmberAlert https://t.co/04V9izbhxK'
2022-03-26 20:38:08,b'\xf0\x9f\x91\x80 Keep an eye out Canadian frens\n#AmberAlert https://t.co/5YiiyOn95e'
2022-03-26 20:37:58,b'RCMP in Fort St. John activate #AmberAlert  for 2 missing children https://t.co/wcPrBkxe7s #yxj'
2022-03-26 20:37:04,b'Amber Alert issued for two children in northern British Columbia - 4-year-old Liam Ballamy and 10-month-old Myra Ba\xe2\x80\xa6 https://t.co/Le0eSSn8Bu'
2022-03-26 20:36:32,b'How am I supposed to do anything about an Amber Alert issued for an apparent abduction in Fort St. John when I live\xe2\x80\xa6 https://t.co/sLus5wC3uO'
2022-03-26 20:34:29,b'The mom is with them also. All 3 have been taken against their will. #AmberAlert #bcamberalert #taken https://t.co/gcBMGg2YyT'
2022-03-26 20:30:52,"b""For everyone complaining about BC'S #AmberAlert, the RCMP just confirmed the mother was also taken against her will\xe2\x80\xa6 https://t.co/rpUAT6a6ec"""
2022-03-26 20:29:10,b'RCMP have issued an #AmberAlert for two children from the #FortStJohn area: 4-year-old Liam Bellamy &amp; 10-month-old\xe2\x80\xa6 https://t.co/hWeN89RpLP'
2022-03-26 20:16:12,b'#AmberAlert Bring your children home and be a father the right way. This is NOT the way. https://t.co/mjYxLrOm3l'
2022-03-26 20:12:07,b'For those of you concerned about the #AmberAlert\nI think it should be shared Nation Wide for all of #Canada to see\xe2\x80\xa6 https://t.co/usZ4iviVgU'
2022-03-26 20:04:54,b'Amber Alert: Jason Dalrymple &amp; Dawn Dalrymple with 2 children; Liam Ballamy &amp; Myra Ballamy. Last seen March 24 in F\xe2\x80\xa6 https://t.co/Ty3w63SJl5'
2022-03-26 20:03:14,b'wow. i waited to see how long it took for someone to complain about receiving the #amberalert &amp; it didn\xe2\x80\x99t even take\xe2\x80\xa6 https://t.co/ZKF6NN0slB'
2022-03-26 20:02:54,b'Amber Alert: Jason Dalrymple &amp; Dawn Dalrymple with 2 children; Liam Ballamy &amp; Myra Ballamy. Last seen March 24 in F\xe2\x80\xa6 https://t.co/IT5TRLxjyc'
2022-03-26 20:01:37,b'@EmergencyInfoBC Was this Amber Alert broadcast wirelessly to compatible mobile devices in ALL areas of the provinc\xe2\x80\xa6 https://t.co/BN0pFaCjZY'
2022-03-26 19:58:22,b'Something you hope never have to see pop up on your phone. The suspect is believed to be heading East. Please be on\xe2\x80\xa6 https://t.co/6TOgVaonXa'
2022-03-26 19:53:55,"b'just take a moment &amp; think if it was a child in your family - a niece, nephew, grandchild, cousin.. i was dead asle\xe2\x80\xa6 https://t.co/hzyVY5P781'"
2022-03-26 19:53:03,b'Also worth noting WHEN an #amberalert is issued...\n-Victim is under 18\n-Police think the victim(s) have been abduct\xe2\x80\xa6 https://t.co/RceXEOMI2X'
2022-03-26 19:52:22,b'May be heading east to Ontario #AmberAlert https://t.co/UHpLx1fM4Z'
2022-03-26 19:51:28,"b'Kind of amazed how many people don\xe2\x80\x99t understand how Amber Alerts work. No, Johnny, you\xe2\x80\x99ve been specially selected b\xe2\x80\xa6 https://t.co/dUCyOYZOdx'"
2022-03-26 19:50:39,b'Please keep an eye out #AmberAlert https://t.co/lHSu0Us40g'
2022-03-26 19:49:31,b'#AmberAlert in #FortStJohn #Missing kids . #BC'
2022-03-26 19:47:21,b'woke up to the loudest #amberalert &amp; was shocked my cell read the whole msg aloud'
2022-03-26 19:44:52,"b""This guy has a 2 day start and he also abducted the children's mother. Why so long to alert the public?! #RCMP #AmberAlert"""
2022-03-26 19:44:39,b'RCMP issues amber alert after alleged abduction of two children in Fort St. John https://t.co/ISjybeNcPS via\xe2\x80\xa6 https://t.co/icqBy3bRqV'
2022-03-26 19:43:47,b'ayo rest of canada keep an eye out not sure if this was sent out of BC or not but keep an eye out incase they heade\xe2\x80\xa6 https://t.co/ILeDohLSSa'
2022-03-26 19:38:57,b'Praying for the safe return of these two children! #AmberAlert https://t.co/8YXj1N0to5'
2022-03-26 19:38:31,"b""Here's the #AmberAlert Mom and Kids in Imminent Danger so keep an eye out https://t.co/2PIUFYK4Gx"""
2022-03-26 19:37:49,b'For those in Fort St John! Please look out for them and stay safe \xf0\x9f\x98\xb0 #AmberAlert https://t.co/CLkBZCoLBv'
2022-03-26 19:37:14,b'\xf0\x9f\x9a\xa8#AmberAlert\xf0\x9f\x9a\xa8#FortJohn\nOlive 2004 #JeepGrandCherokee #BC Plate - HT184A\n#RuralCrimeWatch #BritishColumbia\xe2\x80\xa6 https://t.co/1epOffkl3b'
2022-03-26 19:36:51,b'This is the first #AmberAlert I got. I hope they are found safe. https://t.co/SuNcf5Qzah'
2022-03-26 19:36:28,b'The story behind the #AmberAlert - Please pray for the mother and the children.   This is so sad\xe2\x80\xa6\n\nhttps://t.co/asxIvD2r7A'
2022-03-26 19:36:20,b'Please let these these children be found safe! #AmberAlert https://t.co/J2Wzijh6Ed'
2022-03-26 19:33:19,"b'Judging from the Twitter response to the #AmberAlert via EAS, a lot of people in western Canada would like Mr.Putin\xe2\x80\xa6 https://t.co/E4Ai1BB0vN'"
2022-03-26 19:32:25,b'Looks Like Finally The @AlertReady  system is working in #BC #bcstorm  #BritishColumbia #AmberAlert https://t.co/vtvaZv7mIx'
2022-03-26 19:32:07,b'I just got an #AmberAlert hope they are found safe https://t.co/et6N1jfYDS'
2022-03-26 19:31:48,b'#AmberAlert \nTwo children abducted in Fort St Johns BC. https://t.co/Zn41ylyR05'
2022-03-26 19:31:27,b'#AmberAlert #AmberAlert please share with anyone and everyone. Let\xe2\x80\x99s bring these two children home. Praying for the\xe2\x80\xa6 https://t.co/CN3Fewe2W4'
2022-03-26 19:30:45,"b'@akurjata thank god for this emergency alert system. truly, what an incredible resource. i know from the #LEO side\xe2\x80\xa6 https://t.co/6EawRgMQJK'"
2022-03-26 19:29:54,"b'#AmberAlert issued in #FortStJohn. #BC #YXJ\nhttps://t.co/IefKVxfXd6 - March 26, 2022 at 11:55AM - Emergency Info BC https://t.co/6rtXaSCc5F'"
2022-03-26 19:25:23,"b'IMPORTANT: These four have been missing since March 24th, so they could possibly be in #metrovancouver #AMBERAlert https://t.co/z4mmcdVi5D'"
2022-03-26 19:25:17,b'#AMBERAlert Western Canada\nBC AB MB SK https://t.co/wuUIAnAUi7 https://t.co/U5N15LIspx'
2022-03-26 19:25:17,b'First amber alert i got #amberalert https://t.co/a4VDteplrr'
2022-03-26 19:25:12,b'One way waking up is having an first amber alert on my phone Jesus but I hope those little kids are okay its very c\xe2\x80\xa6 https://t.co/JFZWhaAJ99'
2022-03-26 19:24:49,"b'#BreakingNews #AmberAlert #MMIW  \n4yr old Liam &amp; 10mo old Myra Bellamy.\n\nRCMP believe the father, Jason Dalrymple,\xe2\x80\xa6 https://t.co/Bi3svNCZWH'"
2022-03-26 19:24:29,"b'#AMBERALERT: Fort St. John, B.C. https://t.co/u4mnoRaSGo'"
2022-03-26 19:23:37,b'Heads up BC. #AMBERAlert #FortStJohn #BC https://t.co/oagDTqjSK9'
2022-03-26 19:22:51,b'\xe2\xad\x90\xe2\xad\x90\xe2\xad\x90\xe2\xad\x90\xe2\xad\x90Amber Alert!\xe2\xad\x90\xe2\xad\x90\xe2\xad\x90\xe2\xad\x90\xe2\xad\x90\nJust recieved at 12:15 pm PDT....share! #AMBERAlert https://t.co/8LbpoRpyI1'
2022-03-26 19:22:08,b'\xe2\xad\x90\xe2\xad\x90\xe2\xad\x90\xe2\xad\x90\xe2\xad\x90Amber Alert!\xe2\xad\x90\xe2\xad\x90\xe2\xad\x90\xe2\xad\x90\xe2\xad\x90\nJust recieved at 12:15 pm PDT....share! #AMBERAlert https://t.co/c5Kxru9p2D'
2022-03-26 19:21:54,"b""AMBER ALERT\n4yr old boy and 10 month old little girl. Taken from Fort St. John\nMale abductee 5'11 brown hair\nDrivin\xe2\x80\xa6 https://t.co/tpqyobeb6l"""
2022-03-26 19:21:51,b'Share this post\n\n#AMBERAlert #signalboost #help https://t.co/XyVOkJq7qS'
2022-03-26 19:21:48,"b'Emergency Alert from #FortStJohn #AmberAlert 2 children abducted - name and description of children, and suspect be\xe2\x80\xa6 https://t.co/uJ8EGMyDVA'"
2022-03-26 19:21:46,b'\xe2\xad\x90\xe2\xad\x90\xe2\xad\x90\xe2\xad\x90\xe2\xad\x90Amber Alert!\xe2\xad\x90\xe2\xad\x90\xe2\xad\x90\xe2\xad\x90\xe2\xad\x90\nJust recieved at 12:15 pm PDT....share! #AMBERAlert https://t.co/i79jg0C4RL'
2022-03-26 19:21:24,"b'This is awful. I hope these children are found safe and unharmed, soon. #amberalert. https://t.co/nzFQul8hWR'"
2022-03-26 19:21:20,b'\xe2\xad\x90\xe2\xad\x90\xe2\xad\x90\xe2\xad\x90\xe2\xad\x90Amber Alert!\xe2\xad\x90\xe2\xad\x90\xe2\xad\x90\xe2\xad\x90\xe2\xad\x90\nJust recieved at 12:15 pm PDT....share! #AMBERAlert https://t.co/sYBYSiP6Xw'
2022-03-26 19:21:15,"b""@minervaB7 #AMBERAlert  Let's do the right thing here though and help spread the word. \n\nhttps://t.co/6feIvdnEXK"""
2022-03-26 19:21:07,b'#bc\nFort St. John\n#rcmp \n#Canada \n#AMBERAlert https://t.co/wuqBG8uqo9'
2022-03-26 19:20:50,"b""If you're in BC, keep an eye out.\n\n#AMBERAlert https://t.co/BDuQoucY3K"""
2022-03-26 19:20:47,b'Spread the word! #amberalert https://t.co/c9zawKITjw'
2022-03-26 19:20:31,b'Formatting on an alert could help people read and retain. It was really hard to read to see this involved 3 people\xe2\x80\xa6 https://t.co/iz8oFnUcw3'
2022-03-26 19:20:31,"b""I get an #AmberAlert on my phone &amp; TV for a kidnapping 1.1K Kms away but locals can't get flood warnings last year?"""
2022-03-26 19:20:18,b'Amber Alert issued for two children in northern British Columbia |  olive-green 2004 Jeep Grand Cherokee with B.C.\xe2\x80\xa6 https://t.co/vOjB16uhbk'
2022-03-26 19:20:18,"b'\xf0\x9f\x9a\xa8 #AmberAlert for British Columbia and possibly Alberta. \n\n2 children, boy age 4 and baby girl, 10 months old. \n\nIf\xe2\x80\xa6 https://t.co/rV2htkEWSv'"
2022-03-26 19:20:07,b'\xe2\x80\xbc\xef\xb8\x8fPlease Retweet: Especially Canadians\xe2\x80\xbc\xef\xb8\x8f#missingchild #AMBERAlert https://t.co/US63hdeMD3'
2022-03-26 19:20:03,"b'My first time hearing an #AmberAlert on my phone (never worked for BlackBerry),  made my heart panic.\n\nHope these c\xe2\x80\xa6 https://t.co/NQ5JemI9Oh'"
2022-03-26 19:19:47,"b'i am so shocked that in the middle of watching tv,an #EmergencyAlert was posted &amp; i realized,its all over media med\xe2\x80\xa6 https://t.co/7DJXsO06lF'"
2022-03-26 19:19:39,b'First actual use of the emergency alert in #bc a few minutes ago for an #AMBERAlert. Surprisingly the matching twee\xe2\x80\xa6 https://t.co/zqK5xCBpjP'
2022-03-26 19:19:31,b'Please share. #BC #AMBERAlert https://t.co/sxZbMZt923'
2022-03-26 19:19:31,b'#Amberalert wow that sure worked like it was supposed to! We went running for the phone and TV. #FortStJohn #RCMP https://t.co/6KUpj30RZm'
2022-03-26 19:19:22,b'#AMBERAlert   (The cell phone alert scared the crap out of me) https://t.co/89XLg39iPF'
2022-03-26 19:19:22,b'Everyone in BC still breathing? \xf0\x9f\x98\xb3 #amberalert scared the shit out of me. Those poor little kids'
2022-03-26 19:19:07,b'\xe2\xad\x90\xe2\xad\x90\xe2\xad\x90\xe2\xad\x90\xe2\xad\x90Amber Alert!\xe2\xad\x90\xe2\xad\x90\xe2\xad\x90\xe2\xad\x90\xe2\xad\x90\nJust recieved at 12:15 pm PDT....share! #AMBERAlert https://t.co/GVF80li4RI'
2022-03-26 19:18:54,b'#AMBERAlert #fortstjohn \nPlease keep your eyes peeled if you live in the area. https://t.co/7cR0HJ3v4q'
2022-03-26 19:18:49,b'Just got this #amberalert #fortstjohn #bc https://t.co/2KhN0lSVHR'
2022-03-26 19:18:41,b'\xe2\xad\x90\xe2\xad\x90\xe2\xad\x90\xe2\xad\x90\xe2\xad\x90Amber Alert!\xe2\xad\x90\xe2\xad\x90\xe2\xad\x90\xe2\xad\x90\xe2\xad\x90\nJust recieved at 12:15 pm PDT....share! #AMBERAlert https://t.co/PhDUayxBhQ'
2022-03-26 19:18:41,b'#AMBERAlert just got notified of this five minutes ago. Sharing just in case. https://t.co/nsSgGY306O'
2022-03-26 19:18:41,b'#amberalert in BC https://t.co/DU2saxnFMk'
2022-03-26 19:18:37,b'#AMBERAlert Ford St John BC https://t.co/a8wolyWLW6'
2022-03-26 19:18:37,b'#AMBERALERT issued for 2 children #FortStJohn #BC - click and read details and please share https://t.co/mGj1jd2WpR'
2022-03-26 19:18:23,b'keep an eye out BC and Alberta peeps! #AmberAlert https://t.co/JdHIQHXuKU'
2022-03-26 19:18:04,"b'#AmberAlert Fort St John, BC #bcpoli https://t.co/LUktHK0cMj'"
2022-03-26 19:18:03,b'Amber Alert.  Please share and post. #AMBERAlert in Fort St. John B.C.  #britishcolumbia https://t.co/6I6bJG5HlN'
2022-03-26 19:17:56,b'Oop I meant #amberalert . Lets keep an eye out everyone!'
2022-03-26 19:17:55,b'#AMBERAlert issued by police in Fort St. John. \n\nDetails here \xe2\xac\x87\xef\xb8\x8f\xe2\xac\x87\xef\xb8\x8f\xe2\xac\x87\xef\xb8\x8f\xe2\xac\x87\xef\xb8\x8f\xe2\xac\x87\xef\xb8\x8f https://t.co/v36VCip49Z'
2022-03-26 19:17:45,"b""Just received a @rcmpgrcpolice #AmberAlert \nNot sure what it's about, tried to screen capture so I could share, but\xe2\x80\xa6 https://t.co/nKkjWpGiCs"""
2022-03-26 19:17:43,"b'#Amberalert @FortStJohnRCMP @fortstjohn Abducted child : Liam Bellamy (4) years old. 4feet, Brown hair, brown eyes.\xe2\x80\xa6 https://t.co/MtQBdiBBuo'"
2022-03-26 19:17:41,b'#AmberAlert BC Keep watch guys let\xe2\x80\x99s help get these babies back \xf0\x9f\x99\x8f\xf0\x9f\x8f\xbe https://t.co/G4xaDFVGQU'
2022-03-26 19:17:40,b'Everyone should have got this but im posting it just incase. #AMBERAlert #britishcolumbia #Children #Abduction\xe2\x80\xa6 https://t.co/ezrsp6CVA2'
2022-03-26 19:17:39,"b'This just came in. I don\xe2\x80\x99t know how many people receive these alerts, so I thought I would share. #amberalert https://t.co/K2zZOONdWR'"
2022-03-26 19:17:39,b'\xe2\xad\x90\xe2\xad\x90\xe2\xad\x90\xe2\xad\x90\xe2\xad\x90Amber Alert!\xe2\xad\x90\xe2\xad\x90\xe2\xad\x90\xe2\xad\x90\xe2\xad\x90\nJust recieved at 12:15 pm PDT....share! #AMBERAlert https://t.co/IcaiG22NQ7'
2022-03-26 19:17:33,b'Looks like everyone got the amber alert. That freaked me out. Hope the kids are found safe!\n#amberalert'
2022-03-26 19:17:32,b'Just received an amber alert for 2 abducted children from Fort st John. #AMBERAlert https://t.co/JIiuUTPaXh'
2022-03-26 19:17:28,b'Always the scariest thing when you get an emergency alert. Hope they find this guy.  #amberalert #fortstjohn\xe2\x80\xa6 https://t.co/lFEA6a0Kc2'
2022-03-26 19:17:26,b'\xe2\x9a\xa0\xef\xb8\x8f\xe2\x9a\xa0\xef\xb8\x8f#amberalert #bc \xf0\x9f\x9a\xa8 \nCall 911 if you find\xe2\x80\xa6 https://t.co/FCjrrDGHJ8'
2022-03-26 19:17:13,b'\xe2\xad\x90\xe2\xad\x90\xe2\xad\x90\xe2\xad\x90\xe2\xad\x90Amber Alert!\xe2\xad\x90\xe2\xad\x90\xe2\xad\x90\xe2\xad\x90\xe2\xad\x90\nJust recieved at 12:15 pm PDT....share! #AMBERAlert https://t.co/NhVCBsW6pt'
2022-03-26 19:17:09,b'#AmberAlert for British Columbia just popped https://t.co/xXbY4CQ7f3'
2022-03-26 19:17:03,b'#AMBERAlert JESUS FUCK THAT SCARED THE SHIT OUTTA ME'
2022-03-26 19:17:03,b'Eyes open everyone! #AMBERAlert https://t.co/7p5SGPZZYw'
2022-03-26 19:16:55,b'BREAKING: #amberalert issues out of Fort St. John @BlackPressMedia https://t.co/1Vw4AMLnvn'
2022-03-26 19:16:51,b'Oh shit\xe2\x80\xa6. #AmberAlert https://t.co/FJnp2a1Ic0'
2022-03-26 19:16:49,b'#AMBERAlert \nMy phone just started freaking out and I thought the nukes were on the way. DAMMIT!!!!!!'
2022-03-26 19:16:46,b'This just flashed up on my phone. #bcpoli #AMBERAlert https://t.co/x91mJFNyfU'
2022-03-26 19:16:34,b'Keep an eye out #amberalert #missingkids https://t.co/VxORp3JuT1'
2022-03-26 19:16:33,b'#amberalert Retweet. #britishcolumbia #abduction https://t.co/XKay3aRnjs'
2022-03-26 19:16:29,b'Just got this #AMBERAlert https://t.co/Sxv2cU4t5C'
2022-03-26 19:16:20,b'Fort St. John #AMBERAlert https://t.co/idLdT7Ca9X'
2022-03-26 19:16:13,b'#amberalert #LiamBallamy 4 yrs old out of Ft. St. John https://t.co/OMa9p5HtW5'
2022-03-26 19:16:03,b'Amber alert  just went out #fortstjohn #BC #alberta heads up #AB #BC #amberalert https://t.co/AzxhZ7w3B7'
2022-03-26 19:15:45,b'My first experience with an #AMBERAlert Replicated on TV too. Please keep your eyes open. https://t.co/FGy69LWQLV'
2022-03-26 19:15:31,b'Retweet BC and ALBERTA peeps! #AmberAlert https://t.co/jS1qO56a8t'
2022-03-26 19:15:30,b'The emergency alert system in BC has finally been used. #AmberAlert https://t.co/t6IUE43haV'
2022-03-26 19:15:21,b'That was alarming going off in the grocery store\xe2\x80\xa6 #amberalert https://t.co/IMydT8WzzT'
2022-03-26 19:15:12,b'Just got this #AmberAlert https://t.co/dYfAD609qB'
2022-03-26 19:15:08,"b""Got an #AMBERAlert so figured I'll share it here in case this dickhead went East https://t.co/8JIgJfHLwr"""
2022-03-26 19:14:54,"b""Wow, that's the first time I've ever had a legit Emergency Alert on my phone,  #AmberAlert #BC"""
2022-03-26 19:10:32,b'#AMBERALERT The four are believed to be travelling in an olive green 2004 Jeep Grand Cherokee with B.C. licence pla\xe2\x80\xa6 https://t.co/OKPYXsjjOh'
2022-03-26 19:10:04,b'#AMBERALERT The four are believed to be travelling in an olive green 2004 Jeep Grand Cherokee with B.C. licence pla\xe2\x80\xa6 https://t.co/JVTHwVVY5A'
2022-03-26 19:04:46,b'#AMBERAlert \nAmber Alert issued for two children in northern British Columbia | https://t.co/Y4kHAvSYOX https://t.co/M8lmqULF9r'
2022-03-26 19:01:27,b'#AmberAlert issued in #FortStJohn. Follow @EmergencyInfoBC for updates. #BC #YXJ\nhttps://t.co/hbycttCCSe'
2022-03-26 18:58:16,"b'#AMBERALERT: RCMP in Fort St. John, B.C., have issued an Amber Alert for two children, possibly travelling with the\xe2\x80\xa6 https://t.co/iWmcL3whJB'"
2022-03-26 18:58:08,"b'#AMBERALERT: RCMP in Fort St. John, B.C., have issued an Amber Alert for two children, possibly travelling with the\xe2\x80\xa6 https://t.co/wqZxV6AvsT'"
2022-03-26 18:57:54,"b'#AMBERALERT: RCMP in Fort St. John, B.C., have issued an Amber Alert for two children, possibly travelling with the\xe2\x80\xa6 https://t.co/6UfcGlpjJr'"
2022-03-26 18:55:57,b'#AmberAlert issued in #FortStJohn. #BC #YXJ\nhttps://t.co/mWF9TuZgoK'
2022-03-26 09:12:14,"b'EMMA WHITAKER IS MISSING OUT OF WHEATFIELD, INDIANA.  HAVE YOU SEEN HER?\n\n#EmmaWhitaker #Missing #silveralert\xe2\x80\xa6 https://t.co/WZ6AOFHiih'"
2022-03-26 08:43:55,"b""https://t.co/n6Vult2l5J\n\nMissing Seven Year Old Harmony Montgomery's Jailed Father Is Indicted On Assault Charge\xe2\x80\xa6 https://t.co/ep7L8npWf8"""
2022-03-26 04:58:05,b'#Franklin #Tennessee #AMBERAlert #Canceled \nFranklin toddler #FoundSafe after AMBER Alert; non-custodial father sti\xe2\x80\xa6 https://t.co/CQkBUK3ZWJ'
2022-03-26 03:10:29,b'Amber Alert canceled for a missing 1-year-old from Franklin.\n#NC10 #AmberAlert  https://t.co/KBYKfC6UYI'
2022-03-26 02:32:58,b'AMBER Alert canceled after Franklin child found safe\n\n#TN #NASHVILLE #FRANKLIN \n#AmberAlert #FoundSafe  https://t.co/7ItEkc1Jyc'
2022-03-26 02:32:03,"b'The #Franklin, #Tennessee #AMBERAlert has been cancelled. https://t.co/8Ma89xNpIG'"
2022-03-26 02:13:48,"b'The #Ledbetter, #Kentucky #AMBERAlert has been cancelled. https://t.co/8Ma89xNpIG'"
2022-03-26 02:12:33,b'Eyes open for this guy! #AmberAlert https://t.co/Z9K4v4ZuPB'
2022-03-26 01:22:43,b'Anyone with information on where they might be is urged to call 1-800-TBI-FIND or the Franklin Police Department at\xe2\x80\xa6 https://t.co/WbgNmLEDDL'
2022-03-26 01:03:56,b'Have you seen this child? Aziah Lumpkin https://t.co/IsbiCpEhqA #AMBERAlert #Missing'
2022-03-26 00:25:57,b'How is every single active #AmberAlert from #TN right now? This is not okay. @TBInvestigation What is going on!?'
2022-03-25 23:55:14,b'#NerdBirdMafia \xe2\x9c\x8a\n#amberalert \n\nPlease get the word out\xe2\x80\xa6 https://t.co/z9cZl372kl'
2022-03-25 23:42:30,b'#AMBERALERT #AZIAHLUMPKIN Parent or not - this is RIDICULOUS! https://t.co/o9RRNvJmYB'
2022-03-25 23:41:10,"b'Summer Wells is still missing. Franklin, Tennessee, Nashville, TN #AmberAlert https://t.co/opLcC1VAF9'"
2022-03-25 23:40:13,b'Amber alert for Nashville area - Franklin TN #amberalert #nashville https://t.co/XYz5Vfe5S5'
2022-03-25 23:36:23,b'Getting an #AmberAlert'
2022-03-25 23:34:06,b'@WSMV @WKRN @CNN @MSNBC @POTUS @VP @Reuters @RVAwonk @maddow @MollyJongFast @washingtonpost @nytimes @FLOTUS FIND O\xe2\x80\xa6 https://t.co/2KKzLAD1ta'
2022-03-25 23:28:47,b'They could be anywhere on this planet with a month head start What was the hold up @TBInvestigation #amberalert'
2022-03-25 23:25:26,b'Please help share and find #AziahLumpkin \xf0\x9f\x99\x8f\n#AmberAlert #Tennessee https://t.co/2flpCfeTwJ'
2022-03-25 23:24:56,b'Please retweet!!  This sweet face! #amberalert #TBI  #tennesee https://t.co/j796bKyl8q'
2022-03-25 23:23:17,b'MISSING SINCE FEB 27TH?! #AMBERALERT https://t.co/bily5PtRQZ'
2022-03-25 16:10:28,"b'Two teens allegedly abducted infant, told mom they were trafficking victims\n#32522 #abductions #amberalert #crime\xe2\x80\xa6 https://t.co/oMNo7yU9rV'"
2022-03-25 14:24:44,b'\xf0\x9f\x9a\xa8Fire Call\xf0\x9f\x9a\xa8 1:30pm The UniMog and a fire engine.  was sent to Wareham Common a controlled burn.  If you are having\xe2\x80\xa6 https://t.co/za007qKimD'
2022-03-25 05:23:16,b'How could Help Center help you win any emergency?.\n\nAndroid: https://t.co/6xBhravm7c\niOS: https://t.co/Q2fXYir20U\n.\xe2\x80\xa6 https://t.co/iY9B07qTpx'
2022-03-25 05:06:34,"b'#AmberAlert NWFL\nLast seen: Milton, Florida https://t.co/XnZEsw1i4b'"
2022-03-25 05:04:50,b'#AmberAlert for Santa Rosa County. https://t.co/7pffjIPHMk'
2022-03-25 02:27:59,b'4-year-old #CodiBigsby Is still missing 7 weeks later with no #AmberAlert \xf0\x9f\x92\x94 Please scan the QR code and sign the\xe2\x80\xa6 https://t.co/8ICf3gLZVV'
2022-03-24 20:27:16,b'Needed something like Amber Alert. Great piece of reporting here! 911 communication during a tragedy. I\xe2\x80\x99m very conc\xe2\x80\xa6 https://t.co/xCvQDYM28x'
2022-03-24 19:44:12,"b'New photos shared with @CBS58 of Anthony Crudup Jr., the 3-month-old boy at the center of an #AmberAlert. Mom says\xe2\x80\xa6 https://t.co/yEIYHZJBVu'"
2022-03-24 18:59:17,b'#DenisePipitone #AmberAlert \xf0\x9f\x86\x98\xf0\x9f\x87\xae\xf0\x9f\x87\xb9#Missing #MissingPerson  #Europe \n Have you seen her? do you recognise yourself? \nIf\xe2\x80\xa6 https://t.co/tIyANTkOwj'
2022-03-24 18:27:02,b'Busy day for Wareham Fire Station! As we\xe2\x80\x99re in an \xf0\x9f\x9a\xa8Amber Wildfire Alert\xf0\x9f\x9a\xa8 We put out our signs around our area.\xe2\x80\xa6 https://t.co/TMuqxr0lXp'
2022-03-24 18:13:35,b'UPDATE: 14-year-old &amp; 16-year-old girls have been arrested in connection to the #AMBERALERT abduction who are belie\xe2\x80\xa6 https://t.co/X4RmCWZrJm'
2022-03-24 17:24:01,b'@CowboyAnarcho The #AmberAlert has a lot of red tape to go through in order to be activated during critical hours w\xe2\x80\xa6 https://t.co/qksAZTMu4e'
2022-03-24 12:20:01,b'#DenisePipitone \xf0\x9f\x86\x98\nIf you have seen her \xf0\x9f\x86\x98\xf0\x9f\x8c\x90 please contact police station and family website https://t.co/u4rbb88zvf\xe2\x80\xa6 https://t.co/u3gZeghebl'
2022-03-24 12:02:43,b'#MissingPerson  #Missing \xf0\x9f\x86\x98\xf0\x9f\x86\x98\xf0\x9f\x86\x98\xf0\x9f\x8c\x90\xf0\x9f\x87\xa8\xf0\x9f\x87\xad\xf0\x9f\x87\xab\xf0\x9f\x87\xb7\xf0\x9f\x87\xaa\xf0\x9f\x87\xba\xf0\x9f\x87\xa9\xf0\x9f\x87\xaa\xf0\x9f\x87\xb1\xf0\x9f\x87\xba\xf0\x9f\x87\xae\xf0\x9f\x87\xb9\n#AlessandroVenturelli 18 year old boy!!!\nHave you seen him?  If you know\xe2\x80\xa6 https://t.co/w4W3nNFVZi'
2022-03-24 11:47:53,b'There\xe2\x80\x99s a huge black smoke cloud towards the direction of Bransgore. Any update? @hiwfrs_control #NewForest\xe2\x80\xa6 https://t.co/QuBWQuescB'
2022-03-24 10:44:10,b'#DenisePipitone #AmberAlert \xf0\x9f\x86\x98\xf0\x9f\x87\xae\xf0\x9f\x87\xb9#Missing #MissingPerson #Europe \n#missingpersons Have you seen her? do you recognise\xe2\x80\xa6 https://t.co/EJxDV6hWDJ'
2022-03-24 10:28:15,"b""Good\xf0\x9f\x8c\xa4\xef\xb8\x8fMorning! \n@UbahDAli is up early with us to preview an important @MilwaukeeMPS meeting -- the district's mask\xe2\x80\xa6 https://t.co/J6reeb2zyt"""
2022-03-24 04:38:24,b'\xe2\x80\x98NearBy Help\xe2\x80\x99 enables the feature by which you can seek help from people around you.\n\nAndroid:\xe2\x80\xa6 https://t.co/HHg5YBgLrE'
