DATETIME,TWEET,SENTIMENT
1/4/2022 0:48,b'Why was there no #AmberAlert for him? Where is #CodiBigsby ? Change how LE handles cases bc all this is BS. Sign th\xe2\x80\xa6 https://t.co/1LwArTyvnN',0
31/3/2022 23:16,"b'WHAT HAPPENED TO CRISTI LYNN RUSO?\n\nPLEASE LIKE, SHARE, SUBSCRIBE AND RETWEET\n\nhttps://t.co/aaIu8IX5ED\xe2\x80\xa6 https://t.co/pNlvudGMuw'",0
31/3/2022 21:46,"b'Washington first state in the U.S. to create statewide alert system for missing #Indigenous people, similar to\xe2\x80\xa6 https://t.co/IcGpo184xI'",0
31/3/2022 21:36,"b'WHAT HAPPENED DO DORIEN THOMAS?\n\nPLEASE LIKE, SHARE, SUBSCRIBE AND RETWEET\n\nhttps://t.co/adZ5DuXzpO\n\n#DORIENTHOMAS\xe2\x80\xa6 https://t.co/3gVeL6xrsa'",0
31/3/2022 20:03,b'Have you seen Hailey Rivera Delcid??  \n\n#HAILEYRIVERADELCID #MISSING #MARYLAND #SILVERSPRING  #missing\xe2\x80\xa6 https://t.co/IjDLTrS8Gr',0
31/3/2022 17:30,b'Somebody Call 911 Please!!!\n\n#AmberAlert\n\nMissing Child: Michael Kugelman\nTwitter: @MichaelKugelman\nLast Seen: Sulk\xe2\x80\xa6 https://t.co/1CXkk0VRAN',0
31/3/2022 16:14,"b""#Missing #SydneyMontgomery\nUntil there's evidence that she's indeed a runaway I'm going to treat this as a missing\xe2\x80\xa6 https://t.co/iYMpoeh6OE""",0
31/3/2022 15:01,"b'TCM Partner, @AANBVTX, is hosting its 4th annual Missing In The Brazos Valley event at the Brazos Valley Council of\xe2\x80\xa6 https://t.co/JjBvOiZO7Z'",0
31/3/2022 14:07,b'#Newjersey #NJ #Jersey \xf0\x9f\x9a\xa8\n#amberalert \nPlease share https://t.co/H2nAqG4bQ1',0
31/3/2022 12:50,b'Where is missing Summer Wells? #SummerWells #missing #amberalert #Tennessee #findSummerWells #CDT #truecrime\nCASE D\xe2\x80\xa6 https://t.co/dd3cGdFmMC',0
31/3/2022 9:58,b'MISSING TEEN in NJ! #AmberAlert https://t.co/7skFKhoQyA',0
31/3/2022 6:28,"b'Suspect from Fort St. John arrested after Amber Alert issued, released from police custody and \xe2\x80\x98won\xe2\x80\x99t be facing cha\xe2\x80\xa6 https://t.co/q2a1QgmogZ'",0
31/3/2022 3:38,"b'WATCH: Suspect from Fort St. John arrested after Amber Alert issued, released from police custody and \xe2\x80\x98won\xe2\x80\x99t be fac\xe2\x80\xa6 https://t.co/5jsfWI1JIr'",0
31/3/2022 3:08,b'well done to Team Newberry #amberalert',2
31/3/2022 2:24,b'NAOMI IRION FOUND DECEASED PLEASE PRAY FOR HER FAMILY\nhttps://t.co/sGzmWALHjz\n\n#NaomiIrion #TroyDriver #Reno\xe2\x80\xa6 https://t.co/r2Vlk4R0xF',0
31/3/2022 1:26,"b""HELP BRING KA'LEAH MALDONADO HOME \nhttps://t.co/HPvwr12jqO\n#missing #MissingPersons #SilverAlert #AmberAlert\xe2\x80\xa6 https://t.co/pJ6byOoJ8M""",0
31/3/2022 0:19,b'HELP BRING HAYLEE MCCAIN HOME \n#missing #MissingPersons #SilverAlert #AmberAlert #MissingChild #missingperson\xe2\x80\xa6 https://t.co/8wEx6z4TJ6',0
30/3/2022 22:58,b'FAITH HOPPENS 16  IS MISSING FROM LAWRENCE KANSAS.  HAVE YOU SEEN HER?  #FAITHHOPPENS #MISSING #MissingChild\xe2\x80\xa6 https://t.co/LNvGY5ifuc',0
30/3/2022 22:38,"b'MADDOX DIXON 13 IS MISSING OUT OF GLENDALE ARIZONA, HAVE YOU SEEN HIM?\n\n#MADDOXDIXON #GLENDALE #Arizona\xe2\x80\xa6 https://t.co/1uWZyUekCG'",0
30/3/2022 17:20,b'@OhBeing #AmberAlert cancelled. Children found safe.',0
30/3/2022 17:19,"b'HAVE YOU SEEN DULCE MARIA ALAVEZ?\n\nPLEASE LIKE, SHARE AND SUBSCRIBE\n#AmberAlert #missing #MissingPersons\xe2\x80\xa6 https://t.co/Bu0ukm5Nqr'",0
30/3/2022 17:19,b'@CKNW #AmberAlert cancelled. Children found safe.',0
30/3/2022 17:18,b'#AmberAlert cancelled. Children found safe.',0
30/3/2022 17:18,b'#AmberAlert cancelled. Children found safe.',0
30/3/2022 17:17,"b""Remember him?? This is the guy who took off with his neighbor's 5-year-old child and fled Ohio last year!!\xe2\x80\xa6 https://t.co/GCs1p8jQiv""",0
30/3/2022 4:50,"b'Donors donating blood provide a glimpse of hope. About 1 in 7 people need blood, entering the hospital bed.\nAndroid\xe2\x80\xa6 https://t.co/0IHjhq99yE'",0
30/3/2022 3:51,b'This baby #CodiBigsby has not been found as of today! We are in the 9th week and No Updates No #AmberAlert ! The co\xe2\x80\xa6 https://t.co/aPLlyFmBrA',0
30/3/2022 3:50,b'@SenLouiseLucas @VASenateDems Please come to Hampton and help us find #CodiBigsby - Missing 9 weeks now.\xe2\x80\xa6 https://t.co/x8Wkv7hpPE',0
30/3/2022 0:50,b'This baby #CodiBigsby has not been found as of today! We are in the 9th week and No Updates No #AmberAlert ! The co\xe2\x80\xa6 https://t.co/13rhAONr7a',0
29/3/2022 23:14,b'@WTKR3 @GovernorVA @WAVY_News @KatieCollettTV @NancyGrace @shaunking @untilfreedom @CourtTV @MissingKids\xe2\x80\xa6 https://t.co/qLqQjeJ88V',0
29/3/2022 23:12,"b'HELP FIND BETTY SUE TAYLOR \n\nPLEASE LIKE, SHARE, SUBSCRIBE AND #RETWEEET \n\n#Missing #MissingChild #AmberAlert\xe2\x80\xa6 https://t.co/mcLGXciwxp'",0
29/3/2022 22:19,b'\xf0\x9f\x92\x99 We will be coordinating search parties Tuesdays &amp; Thursdays. Volunteer information can be found on the\xe2\x80\xa6 https://t.co/2oNBaWDS62',0
29/3/2022 22:03,"b'JAMES BROWN IS MISSING OUT OF PICKERINGTON, OHIO.  HAVE YOU SEEN HIM?\n\nhttps://t.co/11Y5I4WOjN\n\n#Missing\xe2\x80\xa6 https://t.co/fwX7hVhhZn'",0
29/3/2022 21:37,b'#BringOurMissingHome\n#AmberAlert\n#truecrimecommunity \n#PositiveVibes\nLets Works Together To answer the call . https://t.co/SQrG5VvY2z',0
29/3/2022 21:35,"b'HELP FIND MARISSA LOUISE BLACKSMITH\n\nhttps://t.co/QCBZ2erVeS\n\nPlease like, share, subscribe and retweet\n\n#Missing\xe2\x80\xa6 https://t.co/eggFNb7L4N'",0
29/3/2022 21:21,"b""Why do Amber alerts on our phones not come with a picture when available? Also, why aren't ALL local missing childr\xe2\x80\xa6 https://t.co/w7KkFjpDdq""",1
29/3/2022 20:21,"b'Here is a new creator to YouTube, Great channel, Please go subscribe and help to grow her channel.\n\n#truecrime\xe2\x80\xa6 https://t.co/NG1ltsiJOY'",0
29/3/2022 18:10,"b""#DenisePipitone \xf0\x9f\x86\x98 is unaware of her past.\n If you have a similarity and you're 22 years old\nmaybe you are the young\xe2\x80\xa6 https://t.co/S5FMfYmYdQ""",0
29/3/2022 17:40,b'\xf0\x9f\x8c\x9f Please Watch &amp; Share \xf0\x9f\x8c\x9f\n\nINFANT ABDUCTION! We can be her #AMBERAlert #IrisChidester #Missing #NewYork\xe2\x80\xa6 https://t.co/UrKXsdIJUu',0
29/3/2022 8:34,"b'SEE Something, SAY Something \xf0\x9f\x9a\xa8\n#RetweetMaster #MichaelVaughan\nCALL Tanea Parmenter 208.884.7137\nActivate\xe2\x80\xa6 https://t.co/TKj3tX6GRh'",0
29/3/2022 5:50,b'Why do you need a Help Center?\nAndroid: https://t.co/6xBhravm7c\niOS: https://t.co/Q2fXYir20U\n#Helpy #Help\xe2\x80\xa6 https://t.co/RL7rdr78ag',0
29/3/2022 4:54,"b'Thinking about that recent #amberalert, and how cops refused to use that amber alert system when a antivax dad kidn\xe2\x80\xa6 https://t.co/186RjYn3W1'",0
29/3/2022 3:24,"b""12-year-old girl vanishes after telling dad she was taking walk.\n\nLET'S FIND HER ARIZONA!\n\nHER MOTHER IS PLEADING S\xe2\x80\xa6 https://t.co/JoEcyf1EPk""",0
29/3/2022 2:49,b'Still No Amber alert for #codibigsby The criteria\xe2\x80\x98s need to change on who meets them ! If a person is reported miss\xe2\x80\xa6 https://t.co/XZGgUSvo1j',0
28/3/2022 23:44,b'@OttawaCitizen Why does this not constitute an #AmberAlert? A little girl is missing\xe2\x80\xa6',0
28/3/2022 18:25,b'We need as many people as possible to volunteer and search. We will also be passing out missing flyers. \n\nNo\xe2\x80\xa6 https://t.co/a8bC2bmFXc',0
28/3/2022 16:21,b'AMBERALERT! Still missing! One year old Jos\xc3\xa9 Lara was last seen this Sunday playing in his Putnam County home backy\xe2\x80\xa6 https://t.co/dquPGdBmoS',0
28/3/2022 16:14,"b""A #toddler #missing near #swamp &amp; #woods doesn't trigger an #AMBERAlert or an #URGENT #ENDANGERED #ALERT of some ki\xe2\x80\xa6 https://t.co/iy3Gu6NlVa""",0
28/3/2022 15:56,"b'@hummingbirdess I understand, mom went inside house to clean up older child &amp; left the 1 1/2 year-old Jose in back\xe2\x80\xa6 https://t.co/FQlcczbM9V'",0
28/3/2022 15:44,b'#AmberAlert \xf0\x9f\x86\x98\xf0\x9f\x87\xae\xf0\x9f\x87\xb9#Missing #MissingPerson \n#missingpersons Have you seen her? do you recognise yourself? If you have i\xe2\x80\xa6 https://t.co/DfDMItvPvS',0
28/3/2022 15:17,"b'Crickets on Meadows!!!\xf0\x9f\xa6\x97 Maybe if #GinniThomasSeditiousConspirator is referred for indictment, there might be a dual\xe2\x80\xa6 https://t.co/V1w2tED6lA'",0
28/3/2022 14:53,b'@Christo99407429 @Stacy_NonSurfer Is this the same @ISPHeadquarters @Col_WillsISP that mysteriously changed their\xe2\x80\xa6 https://t.co/7fx3nfu91s',0
28/3/2022 11:45,"b""#DenisePipitone \xf0\x9f\x86\x98 is unaware of her past.\n If you have a similarity and you're 22 years old\nmaybe you are the young\xe2\x80\xa6 https://t.co/hxxhCoVZvX""",0
28/3/2022 9:55,"b""ICYMI: We're staying on the search for this toddler until he's found &amp; returned home. Little Jose has been missing\xe2\x80\xa6 https://t.co/6bZsdGXx5E""",0
28/3/2022 6:53,"b'GAYDEN RUSSELL, 13, IS MISSING OUT OF PLANTATION FLORIDA.  HAVE YOU SEEN HIM?\n\nPLEASE LIKE, SHARE, SUBSCRIBE AND RE\xe2\x80\xa6 https://t.co/d98nNXM7MQ'",0
28/3/2022 6:35,"b'HELP FIND MISSING JOSE LARA, CRESCENT CITY, FL\n\nhttps://t.co/6XdxDeqCre\nPLEASE LIKE SHARE, SUBSCRIBE AND RETWEET\xe2\x80\xa6 https://t.co/eWaSNJHhCk'",0
28/3/2022 4:58,b'@Brian_Dell @Mellow4orever @loveyourcake You can stop talking about my family any time. #AmberAlert',0
27/3/2022 21:58,"b'""Ontario Provincial Police (OPP) confirmed that they had located the vehicle &amp; the four individuals in Kenora, Ont.\xe2\x80\xa6 https://t.co/IOkyi5Kgvw'",0
27/3/2022 21:25,"b""Check out The CAR Guys (Big Easy Bob Oh)'s video! #TikTok https://t.co/XnGPgU4TxZ #AmberAlert""",0
27/3/2022 20:38,"b'FYI, California has an Alert system based on location, type of alert, time since person missing and would have been\xe2\x80\xa6 https://t.co/SkcMbQEWnX'",0
27/3/2022 20:22,b'Need a website for your business or for yourself then what are you waiting for feel free to contact me\xe2\x80\xa6 https://t.co/KyaquocNR6',0
27/3/2022 20:21,"b'Amber Alert cancelled, suspect in custody \n\nWow!  Well done #Kenora OPP!  #amberalert \xe2\x81\xa6@OPP_NWR\xe2\x81\xa9  https://t.co/HYbftwX94j'",0
27/3/2022 20:05,b'Children missing from Fort St. John found by police in Ontario https://t.co/JmbFOYLCKY #AmberAlert  update  Kids found in #Ontario #Canada',0
27/3/2022 19:21,"b'4 those upset over Amber Alerts interrupting their radio listening, tv watching, &amp; cell phones going off in public:\xe2\x80\xa6 https://t.co/0BlqIzRvWP'",0
27/3/2022 17:09,"b'Children missing from Fort St. John, BC found by police in Ontario after Amber Alert Issued. -\xe2\x80\xa6 https://t.co/9F07GizJsn'",0
27/3/2022 16:34,"b""@Todd_Quartered @lumsdominator @cbcnewsbc Very valid question (and I agree with what you're saying).\n\nI'm am always\xe2\x80\xa6 https://t.co/pehYwcQLrw""",0
27/3/2022 14:23,"b""#AmberAlert: Ridiculous you can't opt out of these.""",0
27/3/2022 14:22,"b""#DenisePipitone \xf0\x9f\x86\x98 is unaware of her past.\n If you have a similarity and you're 22 years old\nmaybe you are the young\xe2\x80\xa6 https://t.co/yPHa8rQdEK""",0
27/3/2022 10:16,b'#dkoding\nOvercautious Johnny Depp Taking The First Project After Being Banned Way Too Seriously \n@kaistha_deepak\xe2\x80\xa6 https://t.co/OSNIDyQrdK',0
27/3/2022 4:36,"b'@dianemariereid They were found safe, in Ontario. \n#AmberAlert works. \n\xf0\x9f\x92\x96\xf0\x9f\x92\x96\xf0\x9f\x92\x96'",0
27/3/2022 3:13,"b""@NatalieLanovill @Kim_SmithTV @kevole it seems they ignored the mom...she's OK \nand the initial #AmberAlert did not\xe2\x80\xa6 https://t.co/do3zbXhTj7""",0
27/3/2022 2:55,b'#AmberAlert #BC tweets deleted - they have been found in #Ont',0
27/3/2022 2:09,"b'""The alert was cancelled just before 4 p.m. PT Saturday after the mother and children were found safe near Kenora,\xe2\x80\xa6 https://t.co/B2ETizOHg0'",0
27/3/2022 1:55,b'This Nigga Bishop and his #AmberAlert on fbook \xf0\x9f\x98\x82',0
27/3/2022 1:40,b'Good news #Sask #amberalert cancelled https://t.co/1sMT0g5eTR',0
27/3/2022 1:28,"b'When we landed in YVR, everyone on the plane got the #AmberAlert at the same time. Not the first sound you want to hear on landing.'",0
27/3/2022 1:15,b'Children have been found safe in Ontario.\n\nYay!! \n\n#AmberAlert called off. Thx for the retweets peeps! https://t.co/dMwwl5hQPr',0
27/3/2022 1:14,b'May I say I think there are too many Amber Alerts?  This #AmberAlert was issued for Vancouver despite other police\xe2\x80\xa6 https://t.co/uW6MrZk0CH',0
27/3/2022 1:09,b'#AMBERALERT Cancelled! https://t.co/mWj3WekMk9',0
27/3/2022 0:58,b'#amberAlert @AMBERAlert  people like this  @lumsdominator are the reason some endangered kids are not saved.  This\xe2\x80\xa6 https://t.co/MrqfIIjnzt',0
27/3/2022 0:49,b'#AmberAlert AB has been canceled.',0
27/3/2022 0:37,"b""'Amber Alert' in the city! \n#Vancouver #AmberAlert""",0
27/3/2022 0:29,"b'CANCELLED: #AmberAlert for Liam, Myra &amp; Dawn Bellamy. Follow @BCRCMP for further updates. #BC #FortStJohn #YXJ - Ma\xe2\x80\xa6 https://t.co/ycW6ZJ8TBt'",0
27/3/2022 0:26,b'BC #AmberAlert has ended. The suspect has been located and is in police custody. The mother and two children are sa\xe2\x80\xa6 https://t.co/kXtezSiW42',0
27/3/2022 0:18,b'#AmberAlert \n\nCOULD BE IN WINNIPEG https://t.co/GqPh1zcEv8',0
27/3/2022 0:16,b'#AmberAlert in BC and Alberta has been cancelled \n\nThe mother of two children are safe and the suspected abductor\xe2\x80\xa6 https://t.co/4Q728kKZgQ',0
27/3/2022 0:10,b'@Leah_Holiove Kids are ok Dad is in custody #AmberAlert cancelled they were apparently found somewhere in Ontario',0
27/3/2022 0:06,b'@DrJayDrNo Gods be thanked!\xf0\x9f\x98\x81 #AmberAlert worked!\xf0\x9f\x98\x82 https://t.co/HWqFULvhaL',0
27/3/2022 0:05,b'#Winnipeg #Manitoba and Western Canada #Saskatchewan #Alberta #BritishColumbia be on the lookout for this people. B\xe2\x80\xa6 https://t.co/q3HnZQ5uSw',0
27/3/2022 0:03,b'Hey @globeandmail so there\xe2\x80\x99s an #AmberAlert and the content is only available to subscribers?Thank god it was cance\xe2\x80\xa6 https://t.co/lgUfjPdrKm',0
26/3/2022 23:58,b'#AmberAlert #Cancelled #Located #Ontario #missingfromBC Thank you everyone for sharing. The man is in custody and t\xe2\x80\xa6 https://t.co/4LVf0aKQpw',0
26/3/2022 23:58,"b'VERY good news, thank goodness. #AmberAlert https://t.co/OU4RGrx3Zk'",0
26/3/2022 23:47,"b'A Fort St. John mother and her two children have been found in Kenora, Ontario and Jason Dalrymple, who allegedly a\xe2\x80\xa6 https://t.co/YI7eh0YFv1'",0
26/3/2022 23:45,b'#AmberAlert issued for a mother and her two children from Fort St. John #BC has been deactivated. RCMP say one man\xe2\x80\xa6 https://t.co/jsNF4uM9FI',0
26/3/2022 23:44,b'UPDATE: This #AmberAlert has been cancelled because 2 children and their mom have been found safe. https://t.co/FlkMxMhUSo',0
26/3/2022 23:42,b'@DriveBC @BCRCMP @511Alberta Yes!!   And this is why we have #AmberAlert',0
26/3/2022 23:41,b'This is excellent news. #AmberAlert https://t.co/5NvqrZG3Vu',0
26/3/2022 23:40,b'#AmberAlert canceled.  Suspect in custody https://t.co/48NICpLVze',0
26/3/2022 23:38,"b'The @BCRCMP Amber Alert for two children from Fort St. John, B.C. has been cancelled as of Saturday 2022-03-26 4:21\xe2\x80\xa6 https://t.co/Vj2FjRskeM'",0
26/3/2022 23:35,b'#AmberAlert\n\nOriginally @BCRCMP \n\nMay now be in Manitoba. https://t.co/M4oeKXp5y1 https://t.co/mJtv3tPho8',0
26/3/2022 23:34,b'An #AmberAlert  issued earlier in the day for a pair of northern BC children has been cancelled.\n\n https://t.co/Hq0Muq4zFQ',0
26/3/2022 23:33,b'Amber Alert Cancelled - Two children and Woman abducted in northern British Columbia - 4-year-old Liam Ballamy and\xe2\x80\xa6 https://t.co/nzNhZn9CzM',0
26/3/2022 23:30,b'UPDATE via @EmergencyInfoBC - #AmberAlert for the BELLAMY children cancelled. Update to come from the @BCRCMP. https://t.co/mRBniRQIVJ',0
26/3/2022 23:26,b'This #amberalert has been cancelled. https://t.co/tMINVakQtY',0
26/3/2022 23:25,"b'CANCELLED: #AmberAlert for Liam, Myra &amp; Dawn Bellamy. Follow @BCRCMP for further updates. #BC #FortStJohn #YXJ'",0
26/3/2022 23:20,b'The #AmberAlert has been cancelled. More information still to come.',0
26/3/2022 23:20,b'The #AmberAlert has been cancelled. More information still to come.',0
26/3/2022 23:14,b'Thank god #Breaking #AmberAlert https://t.co/f8sh5qBBHX',0
26/3/2022 23:11,b'#AmberAlert cancelled https://t.co/A2wHt0eQrn',0
26/3/2022 23:08,b'#AmberAlert #FortStJohn Amber Alert has been lifted no word on where they where found hopefully we will get an update soon.',0
26/3/2022 23:07,b'#AmberAlert cancelled. Children found safe.',0
26/3/2022 23:03,b'@DrJayDrNo #AmberAlert was just cancelled! By the #RCMP Could be good news!\xf0\x9f\x98\x81',0
26/3/2022 23:02,"b""My phone's emergency alert just said the #AmberAlert ended. Waiting on official word why. \xf0\x9f\x91\x80 Hopefully they found everyone safe.""",0
26/3/2022 23:01,b'#AmberAlert Cancelled https://t.co/BvVsXwdOtA',0
26/3/2022 22:57,b'#AmberAlert in BC ended? What does that mean? I hope they are safe and duffus is in custody \xf0\x9f\x99\x8f\xf0\x9f\x8f\xbc',0
26/3/2022 22:57,b'Apparently #AmberAlert  is cancelled https://t.co/sHXHaX9u3q',0
26/3/2022 22:57,"b'UPDATE - As of 3:53 p.m., the Amber Alert has been cancelled.  We are waiting to get more information from the RCMP\xe2\x80\xa6 https://t.co/6SCt3RCwdA'",0
26/3/2022 22:56,b'Mounties said the children were taken against their will from a northern B.C. home and believe the suspects are hea\xe2\x80\xa6 https://t.co/xFgBA9H3dF',0
26/3/2022 22:56,b'Mounties said the children were taken against their will from a northern B.C. home and believe the suspects are hea\xe2\x80\xa6 https://t.co/hOfmmmIlKI',0
26/3/2022 22:48,b'Oh sh*t! I think we\xe2\x80\x99re dead soon\xe2\x80\xa6 #AmberAlert @winni134_gaming @Mayor_Bowman @Braiden86705629 @PsychicMedium82 https://t.co/A4eP22VzjX',0
26/3/2022 22:44,b'Bruh the #AmberAlert scared the shit out of me while I was relaxing in my bed.',0
26/3/2022 22:38,b'Anyone in #Manitoba that\xe2\x80\x99s pissed off because of the #AmberAlert that was sent to mobile devices by the #RCMP is an\xe2\x80\xa6 https://t.co/52PO2nX51U',0
26/3/2022 22:37,"b'While I hate that an #amberalert needed to be issued, I loved hearing all the devices going off around me as everyo\xe2\x80\xa6 https://t.co/i97bDAI2Jm'",0
26/3/2022 22:36,"b'#amberalert #winnipeg #mb \nLICENSE PLATE- HT184A, 2004 GREEN JEEP CHEROKEE, SUSPECT - JASON DALRYMPLE https://t.co/0rr2QtOSh7'",0
26/3/2022 22:34,b'#amberalert LICENSE PLATE - HR184A\n2004 GRAND JEEP CHEROKEE\n\nSuspect- JASON DALRYMPLE https://t.co/gpOwaA76kV',0
26/3/2022 22:34,b'And another #AmberAlert for the four year old and 10 month old. \n\nAlso this alert asking people to look for the jee\xe2\x80\xa6 https://t.co/6rZaUEZ9Uy',0
26/3/2022 22:34,"b'#AmberAlert\nOhhhhh, the suspect is gonna get it https://t.co/s8uG9SaSMY'",0
26/3/2022 22:32,"b'#AmberAlert \n\nBC friends, stay safe&lt;3 https://t.co/WupoKz6fzs'",0
26/3/2022 22:32,b'#AmberAlert goes off during a @jeffdunham show in Winnipeg.',0
26/3/2022 22:30,b'Ooooo my phone is going crazyy #AmberAlert #Manitoba https://t.co/oxu6u58kJd',0
26/3/2022 22:29,b'An #AmberAlert has also been issued by Alberta &amp; Saskatchewan RCMP.\nAlberta info: https://t.co/CFTb8mtcnF\nSaskatche\xe2\x80\xa6 https://t.co/WwcdjTMPKB',0
26/3/2022 22:28,b'Never wish me bad cause I never for once did \xf0\x9f\x99\x8f this life is too short\n\nHow I wish my bank account can just touch Je\xe2\x80\xa6 https://t.co/StBrnCWfxS',0
26/3/2022 22:17,b'#Canada #AmberAlert #child abduction https://t.co/W4UVIHXd5f',0
26/3/2022 22:16,"b""Third time's the charm? #AmberAlert https://t.co/cjMnrAzVrN""",0
26/3/2022 22:16,b'#DenisePipitone #AmberAlert \xf0\x9f\x86\x98\xf0\x9f\x87\xae\xf0\x9f\x87\xb9#Missing #MissingPerson #Europe \n#missingpersons Have you seen her? do you recognise\xe2\x80\xa6 https://t.co/ngX9E9aRyG',0
26/3/2022 22:15,"b'Everytime I hear that tone on the air and I know how quickly we move to get it there, my heart sinks, and I always\xe2\x80\xa6 https://t.co/mUyRzzb0xL'",0
26/3/2022 22:08,b'#AmberAlert\nIt\xe2\x80\x99s bad an all. But did they really have to make it sound like the world was ending? Like fr my phone won\xe2\x80\x99t chill.',0
26/3/2022 22:05,b'Mounties said the children were taken against their will from a northern B.C. home and believe the suspects are hea\xe2\x80\xa6 https://t.co/m2RkSt9LtS',0
26/3/2022 22:05,b'Mounties said the children were taken against their will from a northern B.C. home and believe the suspects are hea\xe2\x80\xa6 https://t.co/xWHb81Rt0x',0
26/3/2022 22:05,b'Mounties said the children were taken against their will from a northern B.C. home and believe the suspects are hea\xe2\x80\xa6 https://t.co/uGsHyepqXt',0
26/3/2022 21:49,"b'@lumsdominator @AMedicsMind @cbcnewsbc The #AmberAlert system is asking the public to watch out for this guy, the k\xe2\x80\xa6 https://t.co/NYA3B7thdX'",0
26/3/2022 21:46,"b""\xf0\x9f\x86\x98#DenisePipitone is unaware of her past.\n If you have a similarity and you're 22 years old\nmaybe you are the young\xe2\x80\xa6 https://t.co/DW8ABN6F7F""",0
26/3/2022 21:42,"b'May be headed east to Ontario:\n""In a media release, Fort St. John RCMP said they have grounds to believe the mother\xe2\x80\xa6 https://t.co/NK5pbYDsvN'",0
26/3/2022 21:39,"b'#AmberAlert on my cell today:\n\nPLEASE SHARE:\n\xf0\x9f\x94\xb6\xf0\x9f\x9f\xa0\xf0\x9f\x9f\xa7 Amber Alert for Alberta! \xf0\x9f\x9f\xa7\xf0\x9f\x94\xb6\xf0\x9f\x9f\xa0\nAlberta, BC and Saskatchewan. https://t.co/mIlngH463N'",0
26/3/2022 21:37,b'#AmberAlert continues. https://t.co/cTLZPXxKoB',0
26/3/2022 21:35,b'#AmberAlert issued by @FortStJohnRCMP for 4 year old Liam Ballamy and 10 month old Myra Ballamy. Suspect is Jason D\xe2\x80\xa6 https://t.co/aM9ubs4x9W',0
26/3/2022 21:35,"b""@loveyourcake Me not so much. That's my cousins who are missing....maybe think about someone besides yourself?\n\n#AmberAlert""",0
26/3/2022 21:34,b'Stay alert \xf0\x9f\x9a\xa8 #AmberAlert #BCAmberAlert #fortstjohn https://t.co/klbANUL1gc',0
26/3/2022 21:33,b'#AmberAlert #northernBC #BritishColumbia #jasondalrymple These two children and their mother are at risk. # BOLO https://t.co/wnQ8y7bTQz',0
26/3/2022 21:30,"b""#AMBERALERT LET'S FIND THESE KIDS \xf0\x9f\x91\x87\xf0\x9f\x91\x87\xf0\x9f\x91\x87\xf0\x9f\x91\x87\xf0\x9f\x91\x87\xf0\x9f\x91\x87\xf0\x9f\x91\x87\xf0\x9f\x91\x87\xf0\x9f\x91\x87\xf0\x9f\x91\x87 https://t.co/cob0zlfqiE""",0
26/3/2022 21:30,"b'For detailed info to help locate 4-year-old Liam Bellamy, 10-month-old Myra Bellamy &amp; 23-year-old Dawn Bellamy revi\xe2\x80\xa6 https://t.co/NJkLYXp1Rr'",0
26/3/2022 21:27,"b'RCMP issues amber alert after alleged abduction of mother and two children in Fort St. John:\n\n""Mounties are looking\xe2\x80\xa6 https://t.co/ha8kR2bCA7'",0
26/3/2022 21:23,"b'#BOLO #AmberAlert #FortStJohn #RCMP jeep@grand Cherokee license plate HT184A - call 911, do not approach https://t.co/j3s8Pn6qlf'",0
26/3/2022 21:23,"b'#BOLO #AmberAlert #FortStJohn #RCMP jeep@grand Cherokee license plate HT184A - call 911, do not approach https://t.co/debiwetZRV'",0
26/3/2022 21:23,"b'MORE INFO: The mother of the children is believed to be with the suspect and the allegedly abducted kids, and RCMP\xe2\x80\xa6 https://t.co/l1bR6lkbLs'",0
26/3/2022 21:22,"b'#AmberAlert #Alberta #BC #ABRoads #BCRoads extended to alberta retweet and repost, do not approach the suspect call\xe2\x80\xa6 https://t.co/LwlLpYbFHP'",0
26/3/2022 21:21,"b'#AmberAlert for two children and their mother in BC \xf0\x9f\x87\xa8\xf0\x9f\x87\xa6. ""It\'s believed the children and their mother were taken aga\xe2\x80\xa6 https://t.co/3QdqX031DH'",0
26/3/2022 21:21,"b'BC, Alberta, Saskatchewan  Amber Alert - Two children and Woman abducted in northern British Columbia - 4-year-old\xe2\x80\xa6 https://t.co/NWvSGZ3Qh2'",0
26/3/2022 21:20,b'Complaints from assholes incoming. \xf0\x9f\xa5\xba\n\nKeep an eye out for Liam (4yrs) &amp; Myra (10mos) who were abducted from Fort St\xe2\x80\xa6 https://t.co/rG0j7709Vh',0
26/3/2022 21:20,"b'#AmberAlert #Alberta #BC #ABRoads #BCRoads extended to alberta retweet and repost, do not approach the suspect call\xe2\x80\xa6 https://t.co/tvsa6GjdJv'",0
26/3/2022 21:15,b'I swear to god if anything happens to these two babies I will be ready to kill #AmberAlert https://t.co/L0TVGfMHlo',0
26/3/2022 21:15,b'#DenisePipitone #AmberAlert \xf0\x9f\x86\x98\xf0\x9f\x87\xae\xf0\x9f\x87\xb9#Missing #MissingPerson #Europe \n#missingpersons Have you seen her? do you recognise\xe2\x80\xa6 https://t.co/uJv210keeh',0
26/3/2022 21:14,b'RCMP in Fort St. John activate #AmberAlert for 2 missing children | CBC News https://t.co/n2OV2SlFpM',0
26/3/2022 21:13,"b'#AmberAlert #Alberta extended to alberta retweet and repost, do not approach the suspect call 9-1-1 if you have any\xe2\x80\xa6 https://t.co/mW4025JtVm'",0
26/3/2022 21:12,b'#AmberAlert Really triggered brainwashed non-thinking idiots this morning with my criticism of the how this system is being used.',0
26/3/2022 21:12,"b'#AmberAlert #Alberta extended to alberta retweet and repost, do not approach the suspect call 9-1-1 if you have any\xe2\x80\xa6 https://t.co/cZBTHUB7rY'",0
26/3/2022 21:11,"b'#AmberAlert #Alberta extended to alberta retweet and repost, do not approach the suspect call 9-1-1 if you have any\xe2\x80\xa6 https://t.co/MjCQUZGyW9'",0
26/3/2022 21:11,"b'BC, Alberta Amber Alert - Two children and Woman abducted in northern British Columbia - 4-year-old Liam Ballamy an\xe2\x80\xa6 https://t.co/aZzJChzpYu'",0
26/3/2022 21:10,b'for any of my Canadian friends. #AmberAlert #rcmp #fortstjohn https://t.co/kRlqyvPbnS',0
26/3/2022 21:09,b'Police believe the children and their mother were taken against their will from their home in Fort St. John and are\xe2\x80\xa6 https://t.co/OZLk8R8KEq',0
26/3/2022 21:09,b'B.C. Amber Alert extends to Alberta Be on the lookout! #amberalert #Alberta #bc  https://t.co/X7zmKaAbI5',0
26/3/2022 21:09,b'B.C. Amber Alert extends to Alberta Be on the lookout! #amberalert #Alberta #bc  https://t.co/dWXgfoPvyG',0
26/3/2022 21:08,b'Hope they find those little kids. #AmberAlert',0
26/3/2022 21:03,"b""there's two sides a sad one and a safer future through technology. imagine the future though and seeing just one of\xe2\x80\xa6 https://t.co/AtsaFbi5Za""",0
26/3/2022 21:02,"b'#AmberAlert This morning, keep an eye out people. That being said, my criticism on how these alerts are sent out to\xe2\x80\xa6 https://t.co/fMVzrlvHZ8'",0
26/3/2022 20:58,b'Please please please keep your eyes out and get these babies home safe #amberalert https://t.co/U1YGFVKCuj',0
26/3/2022 20:58,b'Fort St. John RCMP\xc2\xa0 have issued an amber alert as they have grounds to believe that Jason Dalrymple\xc2\xa0 has taken Dawn\xe2\x80\xa6 https://t.co/c5dRzLZZwM',0
26/3/2022 20:57,b'Here is a photo of Jason Dalrymple along with the children and their mother Dawn Bellamy. All three are believed to\xe2\x80\xa6 https://t.co/AtaYzU3DhT',0
26/3/2022 20:51,"b'For detailed info to help locate 4-year-old Liam Bellamy, 10-month-old Myra Bellamy &amp; 23-year-old Dawn Bellamy revi\xe2\x80\xa6 https://t.co/pxcnSoieNK'",0
26/3/2022 20:50,"b""Word is that the father is abusive and may have abducted the children's mother as well.  I hope they're all found s\xe2\x80\xa6 https://t.co/WdXFMtmCpc""",0
26/3/2022 20:50,b'#AmberAlert issued for two children in northern British Columbia #BC https://t.co/Z7StwOQek7',0
26/3/2022 20:50,b'12:00pm Approx Got Emergency Notification for #AmberAlert #canada @ECEBC1 https://t.co/kkp2hdfUx0',0
26/3/2022 20:49,"b'Photos of children as well as mom, dad and the vehicle in the article. \xf0\x9f\x91\x87 #AmberAlert https://t.co/jXUUaK2fAG'",0
26/3/2022 20:49,"b'Issued by RCMP B.C. Canada #AmberAlert 10 mth old and 4 year  abducted from Fort St. John BC family home, by father. https://t.co/CytutS79O3'",0
26/3/2022 20:48,b'#AmberAlert for #FortStJohn was also broadcasted in #Alberta  https://t.co/LiNSQbVvgC',0
26/3/2022 20:48,b'Interprovincial #AmberAlert issued for #BC and #Alberta #RCMP #albertaemergencyalert #AEA #BCEmergencyAlert\xe2\x80\xa6 https://t.co/jtHeLu8fmQ',0
26/3/2022 20:48,b'Hey @YourAlberta what\xe2\x80\x99s the point of issuing an #AmberAlert if you aren\xe2\x80\x99t going just come out and tell us details i\xe2\x80\xa6 https://t.co/pe6wdNLO8A',0
26/3/2022 20:47,b'Hope the kids are found safe #AmberAlert https://t.co/xcVbnSRBVe',0
26/3/2022 20:47,"b'In a media release, RCMP said they have grounds to believe the mother and two children were taken \xe2\x80\x9cagainst their wi\xe2\x80\xa6 https://t.co/Np5CK2x6OF'",0
26/3/2022 20:47,"b'Y\xe2\x80\x99all be on the lookout for Jason Dalrymple. license plate is HT184A, could be traveling in a 2004 olive green Jeep\xe2\x80\xa6 https://t.co/tUIHSA6Hfb'",0
26/3/2022 20:46,b'RCMP in Fort St. John activate Amber Alert for 2 missing children https://t.co/q0E9a0Nzt2  #AmberAlert  #Ontario\xe2\x80\xa6 https://t.co/0Mq1UnkWiJ',0
26/3/2022 20:46,b'https://t.co/yazmpWVAl4\nOriginally issued by @BCRCMP\nThey might be entering the borders of Alberta. \n#AmberAlert\xe2\x80\xa6 https://t.co/IUSgzIfIrm',0
26/3/2022 20:46,"b""#AmberAlert for two children from Fort St. John. They've been taken by their father. Might be driving a green Jeep\xe2\x80\xa6 https://t.co/VJUAfLWvXE""",0
26/3/2022 20:45,"b'#AmberAlert issued in Alberta after two children were allegedly abducted on March 24 from #FortStJohn, BC. See info\xe2\x80\xa6 https://t.co/lXKX5xX2pt'",0
26/3/2022 20:45,b'#AmberAlert sharing from Southern Alberta. #yql keep an eye out! https://t.co/MuYn2BV7sn',0
26/3/2022 20:45,b'2 children! BC Jeep\nPlease read.\n\nInter Provincial #AmberAlert Alert - #Alberta https://t.co/ZUhDrSj69r https://t.co/ERZSbUbJGv',0
26/3/2022 20:45,b'Head\xe2\x80\x99s up! Did you get this #AmberAlert just now too? - April #yql https://t.co/UHtWMohL46',0
26/3/2022 20:45,b'Head\xe2\x80\x99s up! Did you get this #AmberAlert just now too? - April #yql https://t.co/MaVascWpAz',0
26/3/2022 20:44,"b'Damn. These days every time an #AmberAlert goes off, I half expect my phone to tell me to head to the nearest bomb shelter.'",0
26/3/2022 20:44,b'Did anyone else get freaked out by this \xf0\x9f\x98\xb3 #AmberAlert #yyc https://t.co/Ztgms62hCE',0
26/3/2022 20:44,b'#AmberAlert RCMP in Fort St. John activate Amber Alert for 2 missing children https://t.co/XnKLX4Ne9Z Police say th\xe2\x80\xa6 https://t.co/Cyhd6vURqz',0
26/3/2022 20:43,b'again?! #AmberAlert https://t.co/04V9izbhxK',0
26/3/2022 20:38,b'\xf0\x9f\x91\x80 Keep an eye out Canadian frens\n#AmberAlert https://t.co/5YiiyOn95e',0
26/3/2022 20:37,b'RCMP in Fort St. John activate #AmberAlert  for 2 missing children https://t.co/wcPrBkxe7s #yxj',0
26/3/2022 20:37,b'Amber Alert issued for two children in northern British Columbia - 4-year-old Liam Ballamy and 10-month-old Myra Ba\xe2\x80\xa6 https://t.co/Le0eSSn8Bu',0
26/3/2022 20:36,b'How am I supposed to do anything about an Amber Alert issued for an apparent abduction in Fort St. John when I live\xe2\x80\xa6 https://t.co/sLus5wC3uO',0
26/3/2022 20:34,b'The mom is with them also. All 3 have been taken against their will. #AmberAlert #bcamberalert #taken https://t.co/gcBMGg2YyT',0
26/3/2022 20:30,"b""For everyone complaining about BC'S #AmberAlert, the RCMP just confirmed the mother was also taken against her will\xe2\x80\xa6 https://t.co/rpUAT6a6ec""",0
26/3/2022 20:29,b'RCMP have issued an #AmberAlert for two children from the #FortStJohn area: 4-year-old Liam Bellamy &amp; 10-month-old\xe2\x80\xa6 https://t.co/hWeN89RpLP',0
26/3/2022 20:16,b'#AmberAlert Bring your children home and be a father the right way. This is NOT the way. https://t.co/mjYxLrOm3l',0
26/3/2022 20:12,b'For those of you concerned about the #AmberAlert\nI think it should be shared Nation Wide for all of #Canada to see\xe2\x80\xa6 https://t.co/usZ4iviVgU',0
26/3/2022 20:04,b'Amber Alert: Jason Dalrymple &amp; Dawn Dalrymple with 2 children; Liam Ballamy &amp; Myra Ballamy. Last seen March 24 in F\xe2\x80\xa6 https://t.co/Ty3w63SJl5',0
26/3/2022 20:03,b'wow. i waited to see how long it took for someone to complain about receiving the #amberalert &amp; it didn\xe2\x80\x99t even take\xe2\x80\xa6 https://t.co/ZKF6NN0slB',0
26/3/2022 20:02,b'Amber Alert: Jason Dalrymple &amp; Dawn Dalrymple with 2 children; Liam Ballamy &amp; Myra Ballamy. Last seen March 24 in F\xe2\x80\xa6 https://t.co/IT5TRLxjyc',0
26/3/2022 20:01,b'@EmergencyInfoBC Was this Amber Alert broadcast wirelessly to compatible mobile devices in ALL areas of the provinc\xe2\x80\xa6 https://t.co/BN0pFaCjZY',0
26/3/2022 19:58,b'Something you hope never have to see pop up on your phone. The suspect is believed to be heading East. Please be on\xe2\x80\xa6 https://t.co/6TOgVaonXa',0
26/3/2022 19:53,"b'just take a moment &amp; think if it was a child in your family - a niece, nephew, grandchild, cousin.. i was dead asle\xe2\x80\xa6 https://t.co/hzyVY5P781'",0
26/3/2022 19:53,b'Also worth noting WHEN an #amberalert is issued...\n-Victim is under 18\n-Police think the victim(s) have been abduct\xe2\x80\xa6 https://t.co/RceXEOMI2X',0
26/3/2022 19:52,b'May be heading east to Ontario #AmberAlert https://t.co/UHpLx1fM4Z',0
26/3/2022 19:51,"b'Kind of amazed how many people don\xe2\x80\x99t understand how Amber Alerts work. No, Johnny, you\xe2\x80\x99ve been specially selected b\xe2\x80\xa6 https://t.co/dUCyOYZOdx'",0
26/3/2022 19:50,b'Please keep an eye out #AmberAlert https://t.co/lHSu0Us40g',0
26/3/2022 19:49,b'#AmberAlert in #FortStJohn #Missing kids . #BC',0
26/3/2022 19:47,b'woke up to the loudest #amberalert &amp; was shocked my cell read the whole msg aloud',0
26/3/2022 19:44,"b""This guy has a 2 day start and he also abducted the children's mother. Why so long to alert the public?! #RCMP #AmberAlert""",0
26/3/2022 19:44,b'RCMP issues amber alert after alleged abduction of two children in Fort St. John https://t.co/ISjybeNcPS via\xe2\x80\xa6 https://t.co/icqBy3bRqV',0
26/3/2022 19:43,b'ayo rest of canada keep an eye out not sure if this was sent out of BC or not but keep an eye out incase they heade\xe2\x80\xa6 https://t.co/ILeDohLSSa',0
26/3/2022 19:38,b'Praying for the safe return of these two children! #AmberAlert https://t.co/8YXj1N0to5',0
26/3/2022 19:38,"b""Here's the #AmberAlert Mom and Kids in Imminent Danger so keep an eye out https://t.co/2PIUFYK4Gx""",0
26/3/2022 19:37,b'For those in Fort St John! Please look out for them and stay safe \xf0\x9f\x98\xb0 #AmberAlert https://t.co/CLkBZCoLBv',0
26/3/2022 19:37,b'\xf0\x9f\x9a\xa8#AmberAlert\xf0\x9f\x9a\xa8#FortJohn\nOlive 2004 #JeepGrandCherokee #BC Plate - HT184A\n#RuralCrimeWatch #BritishColumbia\xe2\x80\xa6 https://t.co/1epOffkl3b',0
26/3/2022 19:36,b'This is the first #AmberAlert I got. I hope they are found safe. https://t.co/SuNcf5Qzah',0
26/3/2022 19:36,b'The story behind the #AmberAlert - Please pray for the mother and the children.   This is so sad\xe2\x80\xa6\n\nhttps://t.co/asxIvD2r7A',0
26/3/2022 19:36,b'Please let these these children be found safe! #AmberAlert https://t.co/J2Wzijh6Ed',0
26/3/2022 19:33,"b'Judging from the Twitter response to the #AmberAlert via EAS, a lot of people in western Canada would like Mr.Putin\xe2\x80\xa6 https://t.co/E4Ai1BB0vN'",0
26/3/2022 19:32,b'Looks Like Finally The @AlertReady  system is working in #BC #bcstorm  #BritishColumbia #AmberAlert https://t.co/vtvaZv7mIx',0
26/3/2022 19:32,b'I just got an #AmberAlert hope they are found safe https://t.co/et6N1jfYDS',0
26/3/2022 19:31,b'#AmberAlert \nTwo children abducted in Fort St Johns BC. https://t.co/Zn41ylyR05',0
26/3/2022 19:31,b'#AmberAlert #AmberAlert please share with anyone and everyone. Let\xe2\x80\x99s bring these two children home. Praying for the\xe2\x80\xa6 https://t.co/CN3Fewe2W4',0
26/3/2022 19:30,"b'@akurjata thank god for this emergency alert system. truly, what an incredible resource. i know from the #LEO side\xe2\x80\xa6 https://t.co/6EawRgMQJK'",0
26/3/2022 19:29,"b'#AmberAlert issued in #FortStJohn. #BC #YXJ\nhttps://t.co/IefKVxfXd6 - March 26, 2022 at 11:55AM - Emergency Info BC https://t.co/6rtXaSCc5F'",0
26/3/2022 19:25,"b'IMPORTANT: These four have been missing since March 24th, so they could possibly be in #metrovancouver #AMBERAlert https://t.co/z4mmcdVi5D'",0
26/3/2022 19:25,b'#AMBERAlert Western Canada\nBC AB MB SK https://t.co/wuUIAnAUi7 https://t.co/U5N15LIspx',0
26/3/2022 19:25,b'First amber alert i got #amberalert https://t.co/a4VDteplrr',0
26/3/2022 19:25,b'One way waking up is having an first amber alert on my phone Jesus but I hope those little kids are okay its very c\xe2\x80\xa6 https://t.co/JFZWhaAJ99',0
26/3/2022 19:24,"b'#BreakingNews #AmberAlert #MMIW  \n4yr old Liam &amp; 10mo old Myra Bellamy.\n\nRCMP believe the father, Jason Dalrymple,\xe2\x80\xa6 https://t.co/Bi3svNCZWH'",0
26/3/2022 19:24,"b'#AMBERALERT: Fort St. John, B.C. https://t.co/u4mnoRaSGo'",0
26/3/2022 19:23,b'Heads up BC. #AMBERAlert #FortStJohn #BC https://t.co/oagDTqjSK9',0
26/3/2022 19:22,b'\xe2\xad\x90\xe2\xad\x90\xe2\xad\x90\xe2\xad\x90\xe2\xad\x90Amber Alert!\xe2\xad\x90\xe2\xad\x90\xe2\xad\x90\xe2\xad\x90\xe2\xad\x90\nJust recieved at 12:15 pm PDT....share! #AMBERAlert https://t.co/8LbpoRpyI1',0
26/3/2022 19:22,b'\xe2\xad\x90\xe2\xad\x90\xe2\xad\x90\xe2\xad\x90\xe2\xad\x90Amber Alert!\xe2\xad\x90\xe2\xad\x90\xe2\xad\x90\xe2\xad\x90\xe2\xad\x90\nJust recieved at 12:15 pm PDT....share! #AMBERAlert https://t.co/c5Kxru9p2D',0
26/3/2022 19:21,"b""AMBER ALERT\n4yr old boy and 10 month old little girl. Taken from Fort St. John\nMale abductee 5'11 brown hair\nDrivin\xe2\x80\xa6 https://t.co/tpqyobeb6l""",0
26/3/2022 19:21,b'Share this post\n\n#AMBERAlert #signalboost #help https://t.co/XyVOkJq7qS',0
26/3/2022 19:21,"b'Emergency Alert from #FortStJohn #AmberAlert 2 children abducted - name and description of children, and suspect be\xe2\x80\xa6 https://t.co/uJ8EGMyDVA'",0
26/3/2022 19:21,b'\xe2\xad\x90\xe2\xad\x90\xe2\xad\x90\xe2\xad\x90\xe2\xad\x90Amber Alert!\xe2\xad\x90\xe2\xad\x90\xe2\xad\x90\xe2\xad\x90\xe2\xad\x90\nJust recieved at 12:15 pm PDT....share! #AMBERAlert https://t.co/i79jg0C4RL',0
26/3/2022 19:21,"b'This is awful. I hope these children are found safe and unharmed, soon. #amberalert. https://t.co/nzFQul8hWR'",0
26/3/2022 19:21,b'\xe2\xad\x90\xe2\xad\x90\xe2\xad\x90\xe2\xad\x90\xe2\xad\x90Amber Alert!\xe2\xad\x90\xe2\xad\x90\xe2\xad\x90\xe2\xad\x90\xe2\xad\x90\nJust recieved at 12:15 pm PDT....share! #AMBERAlert https://t.co/sYBYSiP6Xw',0
26/3/2022 19:21,"b""@minervaB7 #AMBERAlert  Let's do the right thing here though and help spread the word. \n\nhttps://t.co/6feIvdnEXK""",0
26/3/2022 19:21,b'#bc\nFort St. John\n#rcmp \n#Canada \n#AMBERAlert https://t.co/wuqBG8uqo9',0
26/3/2022 19:20,"b""If you're in BC, keep an eye out.\n\n#AMBERAlert https://t.co/BDuQoucY3K""",0
26/3/2022 19:20,b'Spread the word! #amberalert https://t.co/c9zawKITjw',0
26/3/2022 19:20,b'Formatting on an alert could help people read and retain. It was really hard to read to see this involved 3 people\xe2\x80\xa6 https://t.co/iz8oFnUcw3',0
26/3/2022 19:20,"b""I get an #AmberAlert on my phone &amp; TV for a kidnapping 1.1K Kms away but locals can't get flood warnings last year?""",0
26/3/2022 19:20,b'Amber Alert issued for two children in northern British Columbia |  olive-green 2004 Jeep Grand Cherokee with B.C.\xe2\x80\xa6 https://t.co/vOjB16uhbk',0
26/3/2022 19:20,"b'\xf0\x9f\x9a\xa8 #AmberAlert for British Columbia and possibly Alberta. \n\n2 children, boy age 4 and baby girl, 10 months old. \n\nIf\xe2\x80\xa6 https://t.co/rV2htkEWSv'",0
26/3/2022 19:20,b'\xe2\x80\xbc\xef\xb8\x8fPlease Retweet: Especially Canadians\xe2\x80\xbc\xef\xb8\x8f#missingchild #AMBERAlert https://t.co/US63hdeMD3',0
26/3/2022 19:20,"b'My first time hearing an #AmberAlert on my phone (never worked for BlackBerry),  made my heart panic.\n\nHope these c\xe2\x80\xa6 https://t.co/NQ5JemI9Oh'",0
26/3/2022 19:19,"b'i am so shocked that in the middle of watching tv,an #EmergencyAlert was posted &amp; i realized,its all over media med\xe2\x80\xa6 https://t.co/7DJXsO06lF'",0
26/3/2022 19:19,b'First actual use of the emergency alert in #bc a few minutes ago for an #AMBERAlert. Surprisingly the matching twee\xe2\x80\xa6 https://t.co/zqK5xCBpjP',0
26/3/2022 19:19,b'Please share. #BC #AMBERAlert https://t.co/sxZbMZt923',0
26/3/2022 19:19,b'#Amberalert wow that sure worked like it was supposed to! We went running for the phone and TV. #FortStJohn #RCMP https://t.co/6KUpj30RZm',0
26/3/2022 19:19,b'#AMBERAlert   (The cell phone alert scared the crap out of me) https://t.co/89XLg39iPF',0
26/3/2022 19:19,b'Everyone in BC still breathing? \xf0\x9f\x98\xb3 #amberalert scared the shit out of me. Those poor little kids',0
26/3/2022 19:19,b'\xe2\xad\x90\xe2\xad\x90\xe2\xad\x90\xe2\xad\x90\xe2\xad\x90Amber Alert!\xe2\xad\x90\xe2\xad\x90\xe2\xad\x90\xe2\xad\x90\xe2\xad\x90\nJust recieved at 12:15 pm PDT....share! #AMBERAlert https://t.co/GVF80li4RI',0
26/3/2022 19:18,b'#AMBERAlert #fortstjohn \nPlease keep your eyes peeled if you live in the area. https://t.co/7cR0HJ3v4q',0
26/3/2022 19:18,b'Just got this #amberalert #fortstjohn #bc https://t.co/2KhN0lSVHR',0
26/3/2022 19:18,b'\xe2\xad\x90\xe2\xad\x90\xe2\xad\x90\xe2\xad\x90\xe2\xad\x90Amber Alert!\xe2\xad\x90\xe2\xad\x90\xe2\xad\x90\xe2\xad\x90\xe2\xad\x90\nJust recieved at 12:15 pm PDT....share! #AMBERAlert https://t.co/PhDUayxBhQ',0
26/3/2022 19:18,b'#AMBERAlert just got notified of this five minutes ago. Sharing just in case. https://t.co/nsSgGY306O',0
26/3/2022 19:18,b'#amberalert in BC https://t.co/DU2saxnFMk',0
26/3/2022 19:18,b'#AMBERAlert Ford St John BC https://t.co/a8wolyWLW6',0
26/3/2022 19:18,b'#AMBERALERT issued for 2 children #FortStJohn #BC - click and read details and please share https://t.co/mGj1jd2WpR',0
26/3/2022 19:18,b'keep an eye out BC and Alberta peeps! #AmberAlert https://t.co/JdHIQHXuKU',0
26/3/2022 19:18,"b'#AmberAlert Fort St John, BC #bcpoli https://t.co/LUktHK0cMj'",0
26/3/2022 19:18,b'Amber Alert.  Please share and post. #AMBERAlert in Fort St. John B.C.  #britishcolumbia https://t.co/6I6bJG5HlN',0
26/3/2022 19:17,b'Oop I meant #amberalert . Lets keep an eye out everyone!',0
26/3/2022 19:17,b'#AMBERAlert issued by police in Fort St. John. \n\nDetails here \xe2\xac\x87\xef\xb8\x8f\xe2\xac\x87\xef\xb8\x8f\xe2\xac\x87\xef\xb8\x8f\xe2\xac\x87\xef\xb8\x8f\xe2\xac\x87\xef\xb8\x8f https://t.co/v36VCip49Z',0
26/3/2022 19:17,"b""Just received a @rcmpgrcpolice #AmberAlert \nNot sure what it's about, tried to screen capture so I could share, but\xe2\x80\xa6 https://t.co/nKkjWpGiCs""",0
26/3/2022 19:17,"b'#Amberalert @FortStJohnRCMP @fortstjohn Abducted child : Liam Bellamy (4) years old. 4feet, Brown hair, brown eyes.\xe2\x80\xa6 https://t.co/MtQBdiBBuo'",0
26/3/2022 19:17,b'#AmberAlert BC Keep watch guys let\xe2\x80\x99s help get these babies back \xf0\x9f\x99\x8f\xf0\x9f\x8f\xbe https://t.co/G4xaDFVGQU',0
26/3/2022 19:17,b'Everyone should have got this but im posting it just incase. #AMBERAlert #britishcolumbia #Children #Abduction\xe2\x80\xa6 https://t.co/ezrsp6CVA2',0
26/3/2022 19:17,"b'This just came in. I don\xe2\x80\x99t know how many people receive these alerts, so I thought I would share. #amberalert https://t.co/K2zZOONdWR'",0
26/3/2022 19:17,b'\xe2\xad\x90\xe2\xad\x90\xe2\xad\x90\xe2\xad\x90\xe2\xad\x90Amber Alert!\xe2\xad\x90\xe2\xad\x90\xe2\xad\x90\xe2\xad\x90\xe2\xad\x90\nJust recieved at 12:15 pm PDT....share! #AMBERAlert https://t.co/IcaiG22NQ7',0
26/3/2022 19:17,b'Looks like everyone got the amber alert. That freaked me out. Hope the kids are found safe!\n#amberalert',0
26/3/2022 19:17,b'Just received an amber alert for 2 abducted children from Fort st John. #AMBERAlert https://t.co/JIiuUTPaXh',0
26/3/2022 19:17,b'Always the scariest thing when you get an emergency alert. Hope they find this guy.  #amberalert #fortstjohn\xe2\x80\xa6 https://t.co/lFEA6a0Kc2',0
26/3/2022 19:17,b'\xe2\x9a\xa0\xef\xb8\x8f\xe2\x9a\xa0\xef\xb8\x8f#amberalert #bc \xf0\x9f\x9a\xa8 \nCall 911 if you find\xe2\x80\xa6 https://t.co/FCjrrDGHJ8',0
26/3/2022 19:17,b'\xe2\xad\x90\xe2\xad\x90\xe2\xad\x90\xe2\xad\x90\xe2\xad\x90Amber Alert!\xe2\xad\x90\xe2\xad\x90\xe2\xad\x90\xe2\xad\x90\xe2\xad\x90\nJust recieved at 12:15 pm PDT....share! #AMBERAlert https://t.co/NhVCBsW6pt',0
26/3/2022 19:17,b'#AmberAlert for British Columbia just popped https://t.co/xXbY4CQ7f3',0
26/3/2022 19:17,b'#AMBERAlert JESUS FUCK THAT SCARED THE SHIT OUTTA ME',0
26/3/2022 19:17,b'Eyes open everyone! #AMBERAlert https://t.co/7p5SGPZZYw',0
26/3/2022 19:16,b'BREAKING: #amberalert issues out of Fort St. John @BlackPressMedia https://t.co/1Vw4AMLnvn',0
26/3/2022 19:16,b'Oh shit\xe2\x80\xa6. #AmberAlert https://t.co/FJnp2a1Ic0',0
26/3/2022 19:16,b'#AMBERAlert \nMy phone just started freaking out and I thought the nukes were on the way. DAMMIT!!!!!!',0
26/3/2022 19:16,b'This just flashed up on my phone. #bcpoli #AMBERAlert https://t.co/x91mJFNyfU',0
26/3/2022 19:16,b'Keep an eye out #amberalert #missingkids https://t.co/VxORp3JuT1',0
26/3/2022 19:16,b'#amberalert Retweet. #britishcolumbia #abduction https://t.co/XKay3aRnjs',0
26/3/2022 19:16,b'Just got this #AMBERAlert https://t.co/Sxv2cU4t5C',0
26/3/2022 19:16,b'Fort St. John #AMBERAlert https://t.co/idLdT7Ca9X',0
26/3/2022 19:16,b'#amberalert #LiamBallamy 4 yrs old out of Ft. St. John https://t.co/OMa9p5HtW5',0
26/3/2022 19:16,b'Amber alert  just went out #fortstjohn #BC #alberta heads up #AB #BC #amberalert https://t.co/AzxhZ7w3B7',0
26/3/2022 19:15,b'My first experience with an #AMBERAlert Replicated on TV too. Please keep your eyes open. https://t.co/FGy69LWQLV',0
26/3/2022 19:15,b'Retweet BC and ALBERTA peeps! #AmberAlert https://t.co/jS1qO56a8t',0
26/3/2022 19:15,b'The emergency alert system in BC has finally been used. #AmberAlert https://t.co/t6IUE43haV',0
26/3/2022 19:15,b'That was alarming going off in the grocery store\xe2\x80\xa6 #amberalert https://t.co/IMydT8WzzT',1
26/3/2022 19:15,b'Just got this #AmberAlert https://t.co/dYfAD609qB',0
26/3/2022 19:15,"b""Got an #AMBERAlert so figured I'll share it here in case this dickhead went East https://t.co/8JIgJfHLwr""",0
26/3/2022 19:14,"b""Wow, that's the first time I've ever had a legit Emergency Alert on my phone,  #AmberAlert #BC""",0
26/3/2022 19:10,b'#AMBERALERT The four are believed to be travelling in an olive green 2004 Jeep Grand Cherokee with B.C. licence pla\xe2\x80\xa6 https://t.co/OKPYXsjjOh',0
26/3/2022 19:10,b'#AMBERALERT The four are believed to be travelling in an olive green 2004 Jeep Grand Cherokee with B.C. licence pla\xe2\x80\xa6 https://t.co/JVTHwVVY5A',0
26/3/2022 19:04,b'#AMBERAlert \nAmber Alert issued for two children in northern British Columbia | https://t.co/Y4kHAvSYOX https://t.co/M8lmqULF9r',0
26/3/2022 19:01,b'#AmberAlert issued in #FortStJohn. Follow @EmergencyInfoBC for updates. #BC #YXJ\nhttps://t.co/hbycttCCSe',0
26/3/2022 18:58,"b'#AMBERALERT: RCMP in Fort St. John, B.C., have issued an Amber Alert for two children, possibly travelling with the\xe2\x80\xa6 https://t.co/iWmcL3whJB'",0
26/3/2022 18:58,"b'#AMBERALERT: RCMP in Fort St. John, B.C., have issued an Amber Alert for two children, possibly travelling with the\xe2\x80\xa6 https://t.co/wqZxV6AvsT'",0
26/3/2022 18:57,"b'#AMBERALERT: RCMP in Fort St. John, B.C., have issued an Amber Alert for two children, possibly travelling with the\xe2\x80\xa6 https://t.co/6UfcGlpjJr'",0
26/3/2022 18:55,b'#AmberAlert issued in #FortStJohn. #BC #YXJ\nhttps://t.co/mWF9TuZgoK',0
26/3/2022 9:12,"b'EMMA WHITAKER IS MISSING OUT OF WHEATFIELD, INDIANA.  HAVE YOU SEEN HER?\n\n#EmmaWhitaker #Missing #silveralert\xe2\x80\xa6 https://t.co/WZ6AOFHiih'",0
26/3/2022 8:43,"b""https://t.co/n6Vult2l5J\n\nMissing Seven Year Old Harmony Montgomery's Jailed Father Is Indicted On Assault Charge\xe2\x80\xa6 https://t.co/ep7L8npWf8""",0
26/3/2022 4:58,b'#Franklin #Tennessee #AMBERAlert #Canceled \nFranklin toddler #FoundSafe after AMBER Alert; non-custodial father sti\xe2\x80\xa6 https://t.co/CQkBUK3ZWJ',0
26/3/2022 3:10,b'Amber Alert canceled for a missing 1-year-old from Franklin.\n#NC10 #AmberAlert  https://t.co/KBYKfC6UYI',0
26/3/2022 2:32,b'AMBER Alert canceled after Franklin child found safe\n\n#TN #NASHVILLE #FRANKLIN \n#AmberAlert #FoundSafe  https://t.co/7ItEkc1Jyc',0
26/3/2022 2:32,"b'The #Franklin, #Tennessee #AMBERAlert has been cancelled. https://t.co/8Ma89xNpIG'",0
26/3/2022 2:13,"b'The #Ledbetter, #Kentucky #AMBERAlert has been cancelled. https://t.co/8Ma89xNpIG'",0
26/3/2022 2:12,b'Eyes open for this guy! #AmberAlert https://t.co/Z9K4v4ZuPB',0
26/3/2022 1:22,b'Anyone with information on where they might be is urged to call 1-800-TBI-FIND or the Franklin Police Department at\xe2\x80\xa6 https://t.co/WbgNmLEDDL',0
26/3/2022 1:03,b'Have you seen this child? Aziah Lumpkin https://t.co/IsbiCpEhqA #AMBERAlert #Missing',0
26/3/2022 0:25,b'How is every single active #AmberAlert from #TN right now? This is not okay. @TBInvestigation What is going on!?',0
25/3/2022 23:55,b'#NerdBirdMafia \xe2\x9c\x8a\n#amberalert \n\nPlease get the word out\xe2\x80\xa6 https://t.co/z9cZl372kl',0
25/3/2022 23:42,b'#AMBERALERT #AZIAHLUMPKIN Parent or not - this is RIDICULOUS! https://t.co/o9RRNvJmYB',0
25/3/2022 23:41,"b'Summer Wells is still missing. Franklin, Tennessee, Nashville, TN #AmberAlert https://t.co/opLcC1VAF9'",0
25/3/2022 23:40,b'Amber alert for Nashville area - Franklin TN #amberalert #nashville https://t.co/XYz5Vfe5S5',0
25/3/2022 23:36,b'Getting an #AmberAlert',0
25/3/2022 23:34,b'@WSMV @WKRN @CNN @MSNBC @POTUS @VP @Reuters @RVAwonk @maddow @MollyJongFast @washingtonpost @nytimes @FLOTUS FIND O\xe2\x80\xa6 https://t.co/2KKzLAD1ta',0
25/3/2022 23:28,b'They could be anywhere on this planet with a month head start What was the hold up @TBInvestigation #amberalert',0
25/3/2022 23:25,b'Please help share and find #AziahLumpkin \xf0\x9f\x99\x8f\n#AmberAlert #Tennessee https://t.co/2flpCfeTwJ',0
25/3/2022 23:24,b'Please retweet!!  This sweet face! #amberalert #TBI  #tennesee https://t.co/j796bKyl8q',0
25/3/2022 23:23,b'MISSING SINCE FEB 27TH?! #AMBERALERT https://t.co/bily5PtRQZ',0
25/3/2022 16:10,"b'Two teens allegedly abducted infant, told mom they were trafficking victims\n#32522 #abductions #amberalert #crime\xe2\x80\xa6 https://t.co/oMNo7yU9rV'",0
25/3/2022 14:24,b'\xf0\x9f\x9a\xa8Fire Call\xf0\x9f\x9a\xa8 1:30pm The UniMog and a fire engine.  was sent to Wareham Common a controlled burn.  If you are having\xe2\x80\xa6 https://t.co/za007qKimD',0
25/3/2022 5:23,b'How could Help Center help you win any emergency?.\n\nAndroid: https://t.co/6xBhravm7c\niOS: https://t.co/Q2fXYir20U\n.\xe2\x80\xa6 https://t.co/iY9B07qTpx',0
25/3/2022 5:06,"b'#AmberAlert NWFL\nLast seen: Milton, Florida https://t.co/XnZEsw1i4b'",0
25/3/2022 5:04,b'#AmberAlert for Santa Rosa County. https://t.co/7pffjIPHMk',0
25/3/2022 2:27,b'4-year-old #CodiBigsby Is still missing 7 weeks later with no #AmberAlert \xf0\x9f\x92\x94 Please scan the QR code and sign the\xe2\x80\xa6 https://t.co/8ICf3gLZVV',0
24/3/2022 20:27,b'Needed something like Amber Alert. Great piece of reporting here! 911 communication during a tragedy. I\xe2\x80\x99m very conc\xe2\x80\xa6 https://t.co/xCvQDYM28x',0
24/3/2022 19:44,"b'New photos shared with @CBS58 of Anthony Crudup Jr., the 3-month-old boy at the center of an #AmberAlert. Mom says\xe2\x80\xa6 https://t.co/yEIYHZJBVu'",0
24/3/2022 18:59,b'#DenisePipitone #AmberAlert \xf0\x9f\x86\x98\xf0\x9f\x87\xae\xf0\x9f\x87\xb9#Missing #MissingPerson  #Europe \n Have you seen her? do you recognise yourself? \nIf\xe2\x80\xa6 https://t.co/tIyANTkOwj',0
24/3/2022 18:27,b'Busy day for Wareham Fire Station! As we\xe2\x80\x99re in an \xf0\x9f\x9a\xa8Amber Wildfire Alert\xf0\x9f\x9a\xa8 We put out our signs around our area.\xe2\x80\xa6 https://t.co/TMuqxr0lXp',0
24/3/2022 18:13,b'UPDATE: 14-year-old &amp; 16-year-old girls have been arrested in connection to the #AMBERALERT abduction who are belie\xe2\x80\xa6 https://t.co/X4RmCWZrJm',0
24/3/2022 17:24,b'@CowboyAnarcho The #AmberAlert has a lot of red tape to go through in order to be activated during critical hours w\xe2\x80\xa6 https://t.co/qksAZTMu4e',0
24/3/2022 12:20,b'#DenisePipitone \xf0\x9f\x86\x98\nIf you have seen her \xf0\x9f\x86\x98\xf0\x9f\x8c\x90 please contact police station and family website https://t.co/u4rbb88zvf\xe2\x80\xa6 https://t.co/u3gZeghebl',0
24/3/2022 12:02,b'#MissingPerson  #Missing \xf0\x9f\x86\x98\xf0\x9f\x86\x98\xf0\x9f\x86\x98\xf0\x9f\x8c\x90\xf0\x9f\x87\xa8\xf0\x9f\x87\xad\xf0\x9f\x87\xab\xf0\x9f\x87\xb7\xf0\x9f\x87\xaa\xf0\x9f\x87\xba\xf0\x9f\x87\xa9\xf0\x9f\x87\xaa\xf0\x9f\x87\xb1\xf0\x9f\x87\xba\xf0\x9f\x87\xae\xf0\x9f\x87\xb9\n#AlessandroVenturelli 18 year old boy!!!\nHave you seen him?  If you know\xe2\x80\xa6 https://t.co/w4W3nNFVZi',0
24/3/2022 11:47,b'There\xe2\x80\x99s a huge black smoke cloud towards the direction of Bransgore. Any update? @hiwfrs_control #NewForest\xe2\x80\xa6 https://t.co/QuBWQuescB',0
24/3/2022 10:44,b'#DenisePipitone #AmberAlert \xf0\x9f\x86\x98\xf0\x9f\x87\xae\xf0\x9f\x87\xb9#Missing #MissingPerson #Europe \n#missingpersons Have you seen her? do you recognise\xe2\x80\xa6 https://t.co/EJxDV6hWDJ',0
24/3/2022 10:28,"b""Good\xf0\x9f\x8c\xa4\xef\xb8\x8fMorning! \n@UbahDAli is up early with us to preview an important @MilwaukeeMPS meeting -- the district's mask\xe2\x80\xa6 https://t.co/J6reeb2zyt""",0
24/3/2022 4:38,b'\xe2\x80\x98NearBy Help\xe2\x80\x99 enables the feature by which you can seek help from people around you.\n\nAndroid:\xe2\x80\xa6 https://t.co/HHg5YBgLrE',0
