2022-03-30 23:50:04,b'Can someone send out an amber alert the next time nicki in NY like'
2022-03-30 23:35:33,"b""From @fox13 @ 4: @utahgeological is looking at implementing a system that's like an AMBER Alert for earthquakes \xe2\x80\x94 w\xe2\x80\xa6 https://t.co/9o2Tc1RgEu"""
2022-03-30 23:34:44,b'B.C. 911 call takers field weekend Amber Alert complaints - CityNews https://t.co/qDtOwzsGgk https://t.co/uEa65mKg4L'
2022-03-30 23:29:06,"b'B.C. 911 calls surge with tips, complaints after Amber Alert issued https://t.co/rQaY5orqZF'"
2022-03-30 23:24:32,"b'B.C. 911 calls surge with tips, complaints after Amber Alert issued https://t.co/RvrKJKPp1B'"
2022-03-30 23:24:02,"b'B.C. 911 calls surge with tips, complaints after Amber Alert issued https://t.co/7YPEECesxR'"
2022-03-30 23:24:02,"b'B.C. 911 calls surge with tips, complaints after Amber Alert issued https://t.co/O5lrynJ7b6'"
2022-03-30 23:24:02,"b'B.C. 911 calls surge with tips, complaints after Amber Alert issued https://t.co/DqotNLaQzt'"
2022-03-30 23:22:03,"b'B.C. 911 calls surge with tips, complaints after Amber Alert issued https://t.co/h0WUX4w0lb'"
2022-03-30 23:22:03,"b'B.C. 911 calls surge with tips, complaints after Amber Alert issued https://t.co/nygrSH9nUR'"
2022-03-30 23:22:03,"b'B.C. 911 calls surge with tips, complaints after Amber Alert issued https://t.co/T68ftd2rSS'"
2022-03-30 23:21:55,"b""@RevelstokeRevue Unbelievable!!!  \xf0\x9f\x99\x84\xf0\x9f\x99\x84 If it was these peoples kids were kidnapped I'm sure they would want an amber\xe2\x80\xa6 https://t.co/bmRqlSe6kc"""
2022-03-30 23:20:03,"b'B.C. 911 calls surge with tips, complaints after Amber Alert issued https://t.co/Uwl3MbbPfF'"
2022-03-30 23:19:33,"b'B.C. 911 calls surge with tips, complaints after Amber Alert issued https://t.co/8LAPAdNsPn'"
2022-03-30 23:19:33,"b'B.C. 911 calls surge with tips, complaints after Amber Alert issued https://t.co/JQIspAI02h'"
2022-03-30 23:18:05,"b'B.C. 911 calls surge with tips, complaints after Amber Alert issued https://t.co/JbLTlAU1sg'"
2022-03-30 23:18:05,"b'B.C. 911 calls surge with tips, complaints after Amber Alert issued https://t.co/4Hx0APXsTs'"
2022-03-30 23:18:04,"b'B.C. 911 calls surge with tips, complaints after Amber Alert issued https://t.co/snAulIhjFm'"
2022-03-30 23:18:04,"b'B.C. 911 calls surge with tips, complaints after Amber Alert issued https://t.co/AQaPXvNxuB'"
2022-03-30 23:18:03,"b'B.C. 911 calls surge with tips, complaints after Amber Alert issued https://t.co/WPYZHTkxhj'"
2022-03-30 23:18:03,"b'B.C. 911 calls surge with tips, complaints after Amber Alert issued https://t.co/MIRhlWeVuy'"
2022-03-30 23:15:32,"b'B.C. 911 calls surge with tips, complaints after Amber Alert issued https://t.co/9tPomDAkHB'"
2022-03-30 23:14:05,"b'B.C. 911 calls surge with tips, complaints after Amber Alert issued https://t.co/nyoYbMMh3b'"
2022-03-30 23:14:04,"b'B.C. 911 calls surge with tips, complaints after Amber Alert issued https://t.co/MrJgAcERAF'"
2022-03-30 23:14:04,"b'B.C. 911 calls surge with tips, complaints after Amber Alert issued https://t.co/3YX4gTCEqY'"
2022-03-30 23:14:04,"b'B.C. 911 calls surge with tips, complaints after Amber Alert issued https://t.co/ysDqHS3qPQ'"
2022-03-30 23:14:04,"b'B.C. 911 calls surge with tips, complaints after Amber Alert issued https://t.co/6BcZUlFStO'"
2022-03-30 23:14:03,"b'B.C. 911 calls surge with tips, complaints after Amber Alert issued https://t.co/DzKraea5PN'"
2022-03-30 23:14:03,"b'B.C. 911 calls surge with tips, complaints after Amber Alert issued https://t.co/p6bQmUHTIn'"
2022-03-30 23:14:03,"b'B.C. 911 calls surge with tips, complaints after Amber Alert issued https://t.co/gjnKoWX1Cd'"
2022-03-30 23:14:03,"b'B.C. 911 calls surge with tips, complaints after Amber Alert issued https://t.co/c2dQiU3p22'"
2022-03-30 23:14:03,"b'B.C. 911 calls surge with tips, complaints after Amber Alert issued https://t.co/WVD01CfMTo'"
2022-03-30 23:14:03,"b'B.C. 911 calls surge with tips, complaints after Amber Alert issued https://t.co/iYovxW4jwm'"
2022-03-30 23:14:03,"b'B.C. 911 calls surge with tips, complaints after Amber Alert issued https://t.co/kghl4hpJmd'"
2022-03-30 23:14:03,"b'B.C. 911 calls surge with tips, complaints after Amber Alert issued https://t.co/HfTUImpfoQ'"
2022-03-30 23:14:03,"b'B.C. 911 calls surge with tips, complaints after Amber Alert issued https://t.co/RK4xtbK5iL'"
2022-03-30 23:14:03,"b'B.C. 911 calls surge with tips, complaints after Amber Alert issued https://t.co/lvzd1Ie0HG'"
2022-03-30 23:14:03,"b'B.C. 911 calls surge with tips, complaints after Amber Alert issued https://t.co/zU03LQ3iyd'"
2022-03-30 23:14:03,"b'B.C. 911 calls surge with tips, complaints after Amber Alert issued https://t.co/Ayw2mubF2P'"
2022-03-30 23:14:03,"b'B.C. 911 calls surge with tips, complaints after Amber Alert issued https://t.co/6zUod1Bp1g'"
2022-03-30 23:14:03,"b'B.C. 911 calls surge with tips, complaints after Amber Alert issued https://t.co/ztiEJvq0J5'"
2022-03-30 23:14:03,"b'B.C. 911 calls surge with tips, complaints after Amber Alert issued https://t.co/hCNEkJTfYx'"
2022-03-30 23:14:03,"b'B.C. 911 calls surge with tips, complaints after Amber Alert issued https://t.co/jzFm0Sz1CJ'"
2022-03-30 23:14:03,"b'B.C. 911 calls surge with tips, complaints after Amber Alert issued https://t.co/OW6rQz9QrV'"
2022-03-30 23:13:34,"b'B.C. 911 calls surge with tips, complaints after Amber Alert issued https://t.co/QFOq9CFkx7'"
2022-03-30 23:13:34,"b'B.C. 911 calls surge with tips, complaints after Amber Alert issued https://t.co/9LZfpb49kV'"
2022-03-30 23:12:05,"b'B.C. 911 calls surge with tips, complaints after Amber Alert issued https://t.co/islgwQzyPt'"
2022-03-30 23:12:04,"b'B.C. 911 calls surge with tips, complaints after Amber Alert issued https://t.co/XNNWP0WKpW'"
2022-03-30 23:12:04,"b'B.C. 911 calls surge with tips, complaints after Amber Alert issued https://t.co/4A6zrjTLKB'"
2022-03-30 23:12:04,"b'B.C. 911 calls surge with tips, complaints after Amber Alert issued https://t.co/lQQ3XbH8gK'"
2022-03-30 23:12:04,"b'B.C. 911 calls surge with tips, complaints after Amber Alert issued https://t.co/3sO8ePkLd6'"
2022-03-30 23:12:04,"b'B.C. 911 calls surge with tips, complaints after Amber Alert issued https://t.co/7bg30Jtdta'"
2022-03-30 23:12:04,"b'B.C. 911 calls surge with tips, complaints after Amber Alert issued https://t.co/ALgCZOGDEx'"
2022-03-30 23:12:04,"b'B.C. 911 calls surge with tips, complaints after Amber Alert issued https://t.co/9eFprFXFES'"
2022-03-30 23:12:04,"b'B.C. 911 calls surge with tips, complaints after Amber Alert issued https://t.co/wOuHqjmcI5'"
2022-03-30 23:12:04,"b'B.C. 911 calls surge with tips, complaints after Amber Alert issued https://t.co/PyPqg6QRWp'"
2022-03-30 23:12:03,"b'B.C. 911 calls surge with tips, complaints after Amber Alert issued https://t.co/QjF3VUztzN'"
2022-03-30 23:12:03,"b'B.C. 911 calls surge with tips, complaints after Amber Alert issued https://t.co/kDjEKL8YvH'"
2022-03-30 23:10:02,b'B.C. 911 call takers field weekend Amber Alert complaints - CityNews https://t.co/9r9UCNJME1'
2022-03-30 22:38:32,b'\xe2\x9e\xb1\n\xe2\x9c\xa7[Read] EBOOK\xe2\x9c\xa7\n\xe2\x88\x9e status ready \xe2\x88\x9e \n\xe2\x9c\xa3\xe2\x9d\x80Xenofestation 1-01 - Amber Alert: A darkly erotic sci-fi adventure of alien en\xe2\x80\xa6 https://t.co/5rZuWjIaMQ'
2022-03-30 22:32:38,b'@AlienateAlex @reginapolice Amber alerts are unfortunately only used if people are pretty sure or know the child ha\xe2\x80\xa6 https://t.co/Xc3pWpTZPL'
2022-03-30 22:26:24,b'Breaking news: entitled ***holes complain about being alerted to amber alert.\n\nhttps://t.co/kVgmNgyzFC'
2022-03-30 22:24:00,"b'@yyjcort #TeeKay get over yourself!!  This was an Amber Alert, nothing to do with your disrespectful\xe2\x80\xa6 https://t.co/rgWZ9MDWYc'"
2022-03-30 22:22:04,b'@jackermann How can someone complain about an Amber Alert? While the alerts can scare the crap out of you or be sli\xe2\x80\xa6 https://t.co/MtH8AFq9ko'
2022-03-30 22:20:00,"b'Man at center of Stark County Amber Alert involving 5-year-old girl pleads guilty to kidnapping, child porn charges https://t.co/OZaprAGqlf'"
2022-03-30 22:14:02,"b'@UteChap Mexico City does sirens, think air raid type sirens. An amber alert type notification would be awesome though'"
2022-03-30 21:59:27,b'@CityNewsVAN I wish the Amber Alert system was in place March 24th 1991.  And for those complaining about the \xe2\x80\x9cnois\xe2\x80\xa6 https://t.co/DnqWMgdOAb'
2022-03-30 21:51:48,"b""@CityNewsVAN Wow those callers obviously don't have kids or they are too self absorbed to care? Gross behavior to c\xe2\x80\xa6 https://t.co/lpl7WL1bYY"""
2022-03-30 21:39:26,"b'@bravebranch Geralt watched as she was toying with the drowners, he was alert in case she needed any help. He dashe\xe2\x80\xa6 https://t.co/iunT4wybi0'"
2022-03-30 21:32:06,"b""@CityNewsVAN Why am I receiving an Amber Alert for something over 1k km's away? Ridiculous."""
2022-03-30 21:08:04,b'Utah exploring whether to implement AMBER Alert-type system to warn residents when an earthquake might be imminent https://t.co/HHCckiHz4E'
2022-03-30 21:06:08,"b'@bravebranch He watched as she headed towards the river, but she kept a safe distance between her and the water. He\xe2\x80\xa6 https://t.co/q782PEl6j0'"
2022-03-30 21:01:07,b'Anyone who complains about an Amber alert can go to hell\xf0\x9f\x91\xbf in my opinion. https://t.co/ko3A01wb0P'
2022-03-30 20:58:46,b'Convoy organizer Tee Kay was very worried when she recieved the amber alert last weekend - because she thinks it mi\xe2\x80\xa6 https://t.co/0QT5MKa7q4'
2022-03-30 20:53:24,b'they\xe2\x80\x99re using the amber alert notification system to send out womens march madness updates now'
2022-03-30 20:53:14,"b""@CityNewsVAN People who complain about the Amber alert are the same people who complain if they call 911 and don't\xe2\x80\xa6 https://t.co/VxNFJD8B9i"""
2022-03-30 20:50:24,b'@CityNewsVAN Probably would have gotten a lot less if they had broadcast a cancellation when the Amber alert was over\xe2\x80\xa6'
2022-03-30 20:41:49,"b'@CityNewsVAN The Amber Alert lasted 5 seconds and could potentially save a life, a call to complain can take minute\xe2\x80\xa6 https://t.co/DEEaj31dKJ'"
2022-03-30 20:36:37,"b""B.C.'s 9-1-1 call takers say Saturday's Amber Alert prompted a lot of tips, but also people calling the emergency l\xe2\x80\xa6 https://t.co/tXQn2kX6zP"""
2022-03-30 20:22:57,b'Amber alert \xf0\x9f\x99\x8f\xf0\x9f\x8f\xbd\xf0\x9f\x99\x8f\xf0\x9f\x8f\xbd\xf0\x9f\x99\x8f\xf0\x9f\x8f\xbd contact @3mske on Instagram repost please... https://t.co/hGURc1BrOK'
2022-03-30 20:22:47,b'can someone explain me HOW the f*ck we had +18C last week yet today I was facefu*ked by an amber alert style snow storm \xf0\x9f\xa4\x94'
2022-03-30 20:06:34,b'Why did I have a dream last night that an amber alert got sent out for my arrest and it came with a link to my skate videos to identify me'
2022-03-30 19:01:46,b'An update from @legendaryscoop on this story. https://t.co/ChjE12egKW'
2022-03-30 18:46:22,"b'ATTORNEYS, OTHERS AND SOON-FELONS, NEVER ATTEMPT TO GUESS WHAT IS BEHIND THE GLOMAR EXEMPTION, ESPECIALLY IN KIDNAP\xe2\x80\xa6 https://t.co/3uk8ClUcas'"
2022-03-30 18:40:07,"b'FIRST DISCOVERY IS A SHORT-EASY ORDER, ALL REPORTS AND WITH KEYWORD SEARCH OPTION. SECOND IS FOUR (4) ITEMS, CLOSES\xe2\x80\xa6 https://t.co/VtrFlVw3bV'"
2022-03-30 17:43:24,"b""@itsJeffTiedrich @realDonaldTrump Is this worth an Amber Alert...?\n \n(I'm thinkin'.......   NOT.) https://t.co/7gjwI0G0um"""
2022-03-30 17:42:12,b'@mikestanislaw There were squall warnings on my phone \nStarting first thing in a.m \nWhy not announce on the radio i\xe2\x80\xa6 https://t.co/VHFsHPQ3Em'
2022-03-30 17:40:16,b'@geekingthething @paradoxa_p @ellle_em We call this and amber alert in my line of work. \n\n(Not child recovery. But\xe2\x80\xa6 https://t.co/AKdsgpOQB2'
2022-03-30 17:37:45,b'I get at least one amber alert a day https://t.co/yGoCIcgvv9'
2022-03-30 17:34:17,b'That moment when you\xe2\x80\x99re just playing through the Titanfall 2 campaign but an amber alert goes off https://t.co/j9TmZyaaVi'
2022-03-30 17:31:10,b'Niggas just woke up to an amber alert I\xe2\x80\x99m ready to fade a Nigga'
2022-03-30 17:25:16,"b""My school right now is one of the very few that didn't cancel in my area even though there was a tornado expected.\xe2\x80\xa6 https://t.co/7oO4wNIlvV"""
2022-03-30 17:22:03,"b""people really be tagging the entire company in slack to inform people of their last day like it's an amber alert"""
2022-03-30 17:17:12,"b'i got a red flag alert on my phone, like an amber alert. never heard of it.\n\n*google*\n\noh https://t.co/t835hlURdv'"
2022-03-30 16:56:21,b'FOR CALL THE MALE APPEARS IN A BOP UNIFORM. APPEARS LAST NIGHT SCREAMING MALE AT BORDER IS MR. CONNAHEY-AMBER ALERT\xe2\x80\xa6 https://t.co/xIcpBlXQDz'
2022-03-30 16:49:07,"b'I saw a cloud of dust? and, boom the car ended up in front of me suddenly,"" Provencher said, adding that she had to\xe2\x80\xa6 https://t.co/VL5U0GrCB0'"
2022-03-30 16:26:11,"b""Thunderclamp, making a joke about stealing Whirl: Don't send out an amber alert. You're not getting her back.\n\nThe\xe2\x80\xa6 https://t.co/VKhjX7HOhw"""
2022-03-30 16:24:04,b'Damn I just saved a amber alert I feel like a hero'
2022-03-30 16:09:28,"b""a pornstar named 'amber alert' \xf0\x9f\xa4\xa3\xf0\x9f\xa4\xa3\xf0\x9f\xa4\xa3"""
2022-03-30 15:57:29,b'Every time I get an amber alert on my phone I think we\xe2\x80\x99re about to head into WW3'
2022-03-30 15:32:48,b'@josephpetito @ju3ticeforgabby And ever missing child and teen should get a Amber Alert the system needs to be reformed'
2022-03-30 15:22:29,"b'BACK ONLINE, WE SERVED THE ATTORNEY GENERAL TO OHIO. OHIO IS THE SITE OF THE AMANDA BERRY CASE. WHY? AMBER ALERT AL\xe2\x80\xa6 https://t.co/Jrs15FDsVI'"
2022-03-30 15:20:58,"b""I've been watching TV on my computer, logging in to my @Shawhelp account for the last two days.  As each recording\xe2\x80\xa6 https://t.co/Su5lDYauJ7"""
2022-03-30 14:22:39,b'@SoDrizzo You got amber alert ? And nah share it\xe2\x80\x99s up \xf0\x9f\x98\xad'
2022-03-30 13:47:33,b'Did you know that when a missing child is documented by the police as a \xe2\x80\x9crunaway\xe2\x80\x9d that they don\xe2\x80\x99t make the Amber Al\xe2\x80\xa6 https://t.co/SK71JemEll'
2022-03-30 13:45:51,b'[Download] PDF \xe3\x80\x88Blood &amp; Seawater: Why Laci Peterson was Murdered (Amber Alert Book 1)\xe3\x80\x89\xe2\x96\xb6\xef\xb8\x8f by Nick van der Leek\n\xe2\x9c\x93The\xe2\x80\xa6 https://t.co/wgFwpsfDC6'
2022-03-30 13:42:57,b'My sister who recently relocated to the USA recounted about the first time they heard the sound of Amber (child abd\xe2\x80\xa6 https://t.co/pI4QTapqXZ'
2022-03-30 13:03:27,b'@viperwipes @BluBrawler @CunnySlayer @KuroCrib @terxme u the type of guy to hear an amber alert and start sprinting out ur house dawg chill'
2022-03-30 12:45:00,"b""The 14- and 16-year-old girls told the 3-month-old's mother they were homeless. Police say they later snatched the\xe2\x80\xa6 https://t.co/dTGFzrw9KT"""
2022-03-30 12:38:30,"b'""An AMBER Alert has been issued in Clatsop County for eight-year-old Ashley Ford, who went missing from her home at\xe2\x80\xa6 https://t.co/wPCa7L9WWQ'"
2022-03-30 12:38:28,b'You would get the alert on your phone like Amber when two gangs really at war around you. Stay in place notifications all that.'
2022-03-30 11:36:04,b'@missingmissfit There needs to be an Amber Alert already'
2022-03-30 11:12:08,b'Kitty Amber Alert!! LOST in NYC. Pretty young girl on streets. Microchipped. https://t.co/DYb6SkMIn2'
2022-03-30 11:05:59,"b'Am I the only one picturing Amber experimenting with her meds. Like, what\xe2\x80\x99s going to keep her mentally alert but at\xe2\x80\xa6 https://t.co/MGrq0ssjBe'"
2022-03-30 10:47:22,b'@UniversalCandid @Moose_PC @FBI_Washington @CaliforniaFbi @FBIDetroit @FBISanFrancisco @FloridaPRRFU @Marina_rp\xe2\x80\xa6 https://t.co/Z8DI6SjCC7'
2022-03-30 09:37:04,b'Man at center of Stark County Amber Alert involving 5-year-old girl to face judge in change of plea hearing\xe2\x80\xa6 https://t.co/pkLykA6qw4'
2022-03-30 08:43:43,b'I am gald she this home safe \nhttps://t.co/toD94dCk56'
2022-03-30 08:30:26,b'Every time I use my face to unlock my phone it sends out an Amber alert!'
2022-03-30 08:15:05,"b'B.C. Amber Alert cancelled, suspect arrested in Ontario, RCMP say |\xc2\xa0#childabductors https://t.co/6XRPDCUudH'"
2022-03-30 08:14:09,b'@TwittyTings @_PLICE Oga where do you get this from?\nUTUBE I guess..\nUnlearn and Learn again...\nInfatuated and non\xe2\x80\xa6 https://t.co/hjqjkVDw1w'
2022-03-30 06:03:35,b'@kyriefanlol @AustinPlanet @BleacherReport They need to send an Amber Alert on LeBron\xe2\x80\x99s defense. Guy must be filmin\xe2\x80\xa6 https://t.co/38zUDfhNWL'
2022-03-30 05:54:22,b'@nullskinned @CeairaMitchell null do u know what an amber alert is'
2022-03-30 05:13:57,b'@PattyArquette @timcarroll16 Are the Police canvassing the area? Amber Alert issued?'
2022-03-30 04:38:54,b'saving bomtoon coins so I read amber alert \xf0\x9f\xab\xb6'
2022-03-30 04:29:44,b'There needs to be a deliver loudly option on iMessage. Give me the Amber alert treatment.'
2022-03-30 03:44:39,b'@MyFavMurder I just finished episode 52 and am in awe that Amber was able to have such an impact afterwards. I had\xe2\x80\xa6 https://t.co/fb2CwHoNky'
2022-03-30 03:26:51,b'Your phone should get an amber alert type notification if you get posted on one of those station accounts'
2022-03-30 03:21:09,b'@PattyArquette @MissingKids @FBI Children not receiving a Amber Alert is a huge problem! The criteria is \xe2\x80\x9csuggested\xe2\x80\xa6 https://t.co/s6NGe9nB65'
2022-03-30 03:12:46,"b""@Tara22221 @JeffWel05147707 @ChuckWurster You know you can spread it before you're aware that you have it, right? T\xe2\x80\xa6 https://t.co/Tk4TzK2wT2"""
2022-03-30 02:31:39,b'@PattyArquette @MissingKids @FBI Did not get an amber alert!'
2022-03-30 02:27:58,"b""HEY HEADS UP! ANYONE FROM PHILLY? THIS BABY IS MISSING!  THE NEWS ISN'T COVERING IT HARDLY AT ALL &amp; AMBER ALERT DID\xe2\x80\xa6 https://t.co/vLX3GOTH8z"""
2022-03-30 02:23:35,b'@MissingKids @FBI Thank you. People in Philly say they never received an amber alert it is also not getting much co\xe2\x80\xa6 https://t.co/N5ECQyR3aG'
2022-03-30 02:15:29,b'I hate amber alert \xf0\x9f\x91\x8e\xf0\x9f\x91\x8e\xf0\x9f\x91\x8e\xf0\x9f\x91\x8e\xf0\x9f\x91\x8e'
2022-03-30 02:05:23,"b'@missingmissfit @prnz1999 @SRCSheriff I hope I\'m wrong. \nMother is ""MISSING"". Baby is with him and they are both mi\xe2\x80\xa6 https://t.co/WFIBs7Li42'"
2022-03-30 02:04:11,b'@JakeHicks88 @StephenQ3340 @spann @abc3340 This is absolutely ridiculous!! How does a mother &amp; her baby go missing\xe2\x80\xa6 https://t.co/PJcGXUlXxm'
2022-03-30 01:40:38,"b'happy 100k, amber alert ! &lt;3 https://t.co/KxXBPKwXhg'"
2022-03-30 01:38:04,"b""@Elaine97210838 @RCMPAlberta Neither do I. I simply pointed out why an Amber Alert hadn't been issued yet."""
2022-03-30 01:27:23,"b'@Elaine97210838 @RCMPAlberta No, but if the police did and they had reason to suspect she was abducted or in danger\xe2\x80\xa6 https://t.co/zgJUbRhnRh'"
2022-03-30 00:58:32,b'imagine getting an amber alert and the description of the car includes weird naked anime stickers'
2022-03-30 00:44:38,"b'@MareNextDoor Amber alert style notification whenever someone mutes u, has an ai genned description of their avi'"
